<metadata xml:lang="es"><Esri><CreaDate>20130108</CreaDate><CreaTime>18471300</CreaTime><SyncOnce>FALSE</SyncOnce><ArcGISFormat>1.0</ArcGISFormat><DataProperties><itemProps><itemLocation><linkage Sync="TRUE">file://\\CE0408W402\C$\Users\mlopezq\Desktop\mexseq_201212\mexseq_201212_d3.shp</linkage><protocol Sync="TRUE">Local Area Network</protocol></itemLocation><itemName Sync="TRUE">mexseq_201212_d3</itemName><imsContentType Sync="TRUE">002</imsContentType><itemSize Sync="TRUE">0.000</itemSize></itemProps><copyHistory><copy source="C:\Sequia Mexico-NADM\201212NADM\mexseq_201212_d3" dest="\\172.29.59.2\Comp\New Folder\mexseq_201212_d3" date="20130108" time="18471300"></copy></copyHistory><lineage><Process ToolSource="C:\Program Files (x86)\ArcGIS\Desktop10.0\ArcToolbox\Toolboxes\Data Management Tools.tbx\Project" Date="20120109" Time="143441">Project mex_1211_d3 "C:\Sequia Mexico-NADM\201112NADM\REP_201112\D3.shp" PROJCS['NAD_1983_Lambert_Conformal_Conic',GEOGCS['GCS_North_American_1983',DATUM['D_North_American_1983',SPHEROID['GRS_1980',6378137.0,298.257222101]],PRIMEM['Greenwich',0.0],UNIT['Degree',0.0174532925199433]],PROJECTION['Lambert_Conformal_Conic'],PARAMETER['False_Easting',2500000.0],PARAMETER['False_Northing',0.0],PARAMETER['Central_Meridian',-102.0],PARAMETER['Standard_Parallel_1',17.5],PARAMETER['Standard_Parallel_2',29.5],PARAMETER['Latitude_Of_Origin',12.0],UNIT['Meter',1.0]] WGS_1984_(ITRF00)_To_NAD_1983 GEOGCS['GCS_WGS_1984',DATUM['D_WGS_1984',SPHEROID['WGS_1984',6378137.0,298.257223563]],PRIMEM['Greenwich',0.0],UNIT['Degree',0.0174532925199433]]</Process><Process ToolSource="C:\Program Files (x86)\ArcGIS\Desktop10.0\ArcToolbox\Toolboxes\Analysis Tools.tbx\Clip" Date="20120109" Time="144117">Clip D3 RP_PAIS "C:\Sequia Mexico-NADM\201112NADM\REP_201112\mexseq_201112_d3.shp" #</Process><Process ToolSource="C:\Program Files\ArcGIS\Desktop10.0\ArcToolbox\Toolboxes\Data Management Tools.tbx\CopyFeatures" Date="20130108" Time="190528">CopyFeatures "C:\Comp\New Folder\mexseq_201212_d3.shp" "C:\Model Builder\Model_Geodatabase.gdb\mexseq_201212_d3" # 0 0 0</Process><Process ToolSource="C:\Program Files\ArcGIS\Desktop10.0\ArcToolbox\Toolboxes\Data Management Tools.tbx\Dissolve" Date="20130108" Time="192115">Dissolve mexseq_201212_d3 "C:\Model Builder\Model_Geodatabase.gdb\DISSOLVE\mexseq_201212_d3_Dissolve" # # MULTI_PART DISSOLVE_LINES</Process><Process ToolSource="C:\Program Files\ArcGIS\Desktop10.0\ArcToolbox\Toolboxes\Analysis Tools.tbx\Clip" Date="20130108" Time="192124">Clip "C:\Model Builder\Model_Geodatabase.gdb\DISSOLVE\mexseq_201212_d3_Dissolve" "C:\Model Builder\Model_Geodatabase.gdb\GEOBASE\Pais1" "C:\Model Builder\Model_Geodatabase.gdb\CORTES\mexseq_201212_d3_Dissolve_Cl" #</Process><Process ToolSource="C:\Program Files\ArcGIS\Desktop10.0\ArcToolbox\Toolboxes\Data Management Tools.tbx\CopyFeatures" Date="20130108" Time="192126">CopyFeatures "C:\Model Builder\Model_Geodatabase.gdb\CORTES\mexseq_201212_d3_Dissolve_Cl" "C:\Model Builder\Archivos_Finales.gdb\mexseq_201212_d3" # 0 0 0</Process><Process ToolSource="C:\Program Files\ArcGIS\Desktop10.0\ArcToolbox\Toolboxes\Data Management Tools.tbx\AddField" Date="20130108" Time="192127">AddField "C:\Model Builder\Archivos_Finales.gdb\mexseq_201212_d3" F_AREA DOUBLE # # # # NULLABLE NON_REQUIRED #</Process><Process ToolSource="C:\Program Files\ArcGIS\Desktop10.0\ArcToolbox\Toolboxes\Data Management Tools.tbx\CalculateField" Date="20130108" Time="192127">CalculateField "C:\Model Builder\Archivos_Finales.gdb\mexseq_201212_d3" F_AREA !shape.area@squarekilometers! PYTHON_9.3 #</Process><Process ToolSource="C:\Program Files\ArcGIS\Desktop10.0\ArcToolbox\Toolboxes\Spatial Statistics Tools.tbx\CalculateAreas" Date="20130108" Time="192128">CalculateAreas "C:\Model Builder\Model_Geodatabase.gdb\CORTES\mexseq_201212_d3_Dissolve_Cl" "C:\Model Builder\Archivos_Finales.gdb\mexseq_201212_d3"</Process><Process ToolSource="C:\Program Files\ArcGIS\Desktop10.0\ArcToolbox\Toolboxes\Data Management Tools.tbx\CopyFeatures" Date="20130108" Time="194801">CopyFeatures "C:\Model Builder\Archivos_Finales.gdb\mexseq_201212_d3" C:\Users\mlopezq\Desktop\mexseq_201212\mexseq_201212_d3.shp # 0 0 0</Process></lineage><coordRef><type Sync="TRUE">Projected</type><geogcsn Sync="TRUE">GCS_North_American_1983</geogcsn><projcsn Sync="TRUE">NAD_1983_Lambert_Conformal_Conic</projcsn><peXml Sync="TRUE">&lt;ProjectedCoordinateSystem xsi:type='typens:ProjectedCoordinateSystem' xmlns:xsi='http://www.w3.org/2001/XMLSchema-instance' xmlns:xs='http://www.w3.org/2001/XMLSchema' xmlns:typens='http://www.esri.com/schemas/ArcGIS/10.0'&gt;&lt;WKT&gt;PROJCS[&amp;quot;NAD_1983_Lambert_Conformal_Conic&amp;quot;,GEOGCS[&amp;quot;GCS_North_American_1983&amp;quot;,DATUM[&amp;quot;D_North_American_1983&amp;quot;,SPHEROID[&amp;quot;GRS_1980&amp;quot;,6378137.0,298.257222101]],PRIMEM[&amp;quot;Greenwich&amp;quot;,0.0],UNIT[&amp;quot;Degree&amp;quot;,0.0174532925199433]],PROJECTION[&amp;quot;Lambert_Conformal_Conic&amp;quot;],PARAMETER[&amp;quot;False_Easting&amp;quot;,2500000.0],PARAMETER[&amp;quot;False_Northing&amp;quot;,0.0],PARAMETER[&amp;quot;Central_Meridian&amp;quot;,-102.0],PARAMETER[&amp;quot;Standard_Parallel_1&amp;quot;,17.5],PARAMETER[&amp;quot;Standard_Parallel_2&amp;quot;,29.5],PARAMETER[&amp;quot;Latitude_Of_Origin&amp;quot;,12.0],UNIT[&amp;quot;Meter&amp;quot;,1.0]]&lt;/WKT&gt;&lt;XOrigin&gt;-37031600&lt;/XOrigin&gt;&lt;YOrigin&gt;-25743800&lt;/YOrigin&gt;&lt;XYScale&gt;113924041.20679393&lt;/XYScale&gt;&lt;ZOrigin&gt;-100000&lt;/ZOrigin&gt;&lt;ZScale&gt;10000&lt;/ZScale&gt;&lt;MOrigin&gt;-100000&lt;/MOrigin&gt;&lt;MScale&gt;10000&lt;/MScale&gt;&lt;XYTolerance&gt;0.001&lt;/XYTolerance&gt;&lt;ZTolerance&gt;0.001&lt;/ZTolerance&gt;&lt;MTolerance&gt;0.001&lt;/MTolerance&gt;&lt;HighPrecision&gt;true&lt;/HighPrecision&gt;&lt;/ProjectedCoordinateSystem&gt;</peXml></coordRef></DataProperties><SyncDate>20130108</SyncDate><SyncTime>19480100</SyncTime><ModDate>20130108</ModDate><ModTime>19480100</ModTime></Esri><idinfo><citation><citeinfo><onlink Sync="TRUE">\\CE0408W403\C\Users\fromeroc\Desktop\Drought\2010 DICIEMBRE\dic2010\mex_1110_d3</onlink></citeinfo></citation></idinfo><distInfo><distributor><distorTran><onLineSrc><linkage Sync="TRUE">file://\\CE0408W403\C\Users\fromeroc\Desktop\Drought\2010 DICIEMBRE\dic2010\mex_1110_d3</linkage><protocol Sync="TRUE">Local Area Network</protocol></onLineSrc></distorTran></distributor><distFormat><formatName Sync="TRUE">Shapefile</formatName></distFormat><distTranOps><transSize Sync="TRUE">0.000</transSize></distTranOps></distInfo><dataqual><lineage><procstep><procdesc Sync="TRUE">Dataset copied.</procdesc><srcused Sync="TRUE">C:\NADM training\Mexico_Abril08\mex_0408_d3</srcused><date Sync="TRUE">20080613</date><time Sync="TRUE">13542700</time></procstep><procstep><procdesc Sync="TRUE">Dataset copied.</procdesc><srcused Sync="TRUE">C:\NADM\Mexico_Junio08\Mex_Junio08\mex_0608_d3</srcused><date Sync="TRUE">20080818</date><time Sync="TRUE">16105100</time></procstep><procstep><procdesc Sync="TRUE">Dataset copied.</procdesc><srcused Sync="TRUE">C:\NADM\Mexico_Julio08\Mexico_Julio08\mex_0708_d3</srcused><date Sync="TRUE">20080911</date><time Sync="TRUE">18044500</time></procstep><procstep><procdesc Sync="TRUE">Dataset moved.</procdesc><srcused Sync="TRUE">C:\NADM\Mexico_Agosto08\mex_0808_d3</srcused><date Sync="TRUE">20081015</date><time Sync="TRUE">07210000</time></procstep><procstep><procdesc Sync="TRUE">Dataset copied.</procdesc><srcused Sync="TRUE">C:\NADM\Mexico_September08\mex_0908_d3</srcused><date Sync="TRUE">20081210</date><time Sync="TRUE">19154200</time></procstep><procstep><procdesc Sync="TRUE">Dataset copied.</procdesc><srcused Sync="TRUE">C:\NADM\Noviembre_2008\mex_1108_d3</srcused><date Sync="TRUE">20090115</date><time Sync="TRUE">15511800</time></procstep><procstep><procdesc Sync="TRUE">Dataset copied.</procdesc><srcused Sync="TRUE">C:\NADM\Diciembre_2008\mex_1208_d3</srcused><date Sync="TRUE">20090211</date><time Sync="TRUE">10133500</time></procstep><procstep><procdesc Sync="TRUE">Dataset copied.</procdesc><srcused Sync="TRUE">C:\NADM\MARZO 2009\mex_0309_d3</srcused><date Sync="TRUE">20090513</date><time Sync="TRUE">15563400</time></procstep><procstep><procdesc Sync="TRUE">Dataset copied.</procdesc><srcused Sync="TRUE">C:\NADM\ABRIL 2009\mex_0409_d3</srcused><date Sync="TRUE">20090615</date><time Sync="TRUE">13134700</time></procstep><procstep><procdesc Sync="TRUE">Dataset copied.</procdesc><srcused Sync="TRUE">C:\NADM\MAYO_2009\mex_0509_d3</srcused><date Sync="TRUE">20090715</date><time Sync="TRUE">13142500</time></procstep><procstep><procdesc Sync="TRUE">Dataset moved.</procdesc><srcused Sync="TRUE">C:\NADM\JULIO_2009\mex_0709_d3</srcused><date Sync="TRUE">20090915</date><time Sync="TRUE">18252400</time></procstep><procstep><procdesc Sync="TRUE">Dataset moved.</procdesc><srcused Sync="TRUE">C:\NADM\AGOSTO_2009\mex_0709_d3</srcused><date Sync="TRUE">20090915</date><time Sync="TRUE">18253600</time></procstep><procstep><procdesc Sync="TRUE">Dataset copied.</procdesc><srcused Sync="TRUE">C:\NADM\JULIO_2009\mex_0709_d3</srcused><date Sync="TRUE">20090915</date><time Sync="TRUE">18254800</time></procstep><procstep><procdesc Sync="TRUE">Dataset copied.</procdesc><srcused Sync="TRUE">C:\NADM\AGOSTO_2009\mex_0809_d3</srcused><date Sync="TRUE">20091012</date><time Sync="TRUE">14133300</time></procstep><procstep><procdesc Sync="TRUE">Dataset copied.</procdesc><srcused Sync="TRUE">C:\Users\fromeroc\Desktop\Drought\2009 Septiembre\Septiembre 2009\mex_0909_d3</srcused><date Sync="TRUE">20091109</date><time Sync="TRUE">18200200</time></procstep><procstep><procdesc Sync="TRUE">Dataset copied.</procdesc><srcused Sync="TRUE">C:\Users\fromeroc\Desktop\Drought\2009 NOVIEMBRE\Noviembre2009\mex_1109_d3</srcused><date Sync="TRUE">20100114</date><time Sync="TRUE">20294800</time></procstep><procstep><procdesc Sync="TRUE">Dataset copied.</procdesc><srcused Sync="TRUE">C:\Users\fromeroc\Desktop\Drought\2010 FEBRERO\FEB2010\mex_0210_d3</srcused><date Sync="TRUE">20100414</date><time Sync="TRUE">17550800</time></procstep><procstep><procdesc Sync="TRUE">Dataset copied.</procdesc><srcused Sync="TRUE">C:\Users\fromeroc\Desktop\Drought\2010 MARZO\MAR2010\mex_0310_d3</srcused><date Sync="TRUE">20100511</date><time Sync="TRUE">09232200</time></procstep><procstep><procdesc Sync="TRUE">Dataset moved.</procdesc><srcused Sync="TRUE">C:\Users\fromeroc\Desktop\Drought\2010 ABRIL\mex_0310_d3</srcused><date Sync="TRUE">20100511</date><time Sync="TRUE">09252500</time></procstep><procstep><procdesc Sync="TRUE">Dataset copied.</procdesc><srcused Sync="TRUE">C:\Users\fromeroc\Desktop\Drought\2010 ABRIL\ABR2010\mex_0410_d3</srcused><date Sync="TRUE">20100609</date><time Sync="TRUE">16351100</time></procstep><procstep><procdesc Sync="TRUE">Dataset copied.</procdesc><srcused Sync="TRUE">C:\Users\fromeroc\Desktop\Drought\2010 MAYO\MAY2010\mex_0510_d3</srcused><date Sync="TRUE">20100611</date><time Sync="TRUE">18124800</time></procstep><procstep><procdesc Sync="TRUE">Dataset copied.</procdesc><srcused Sync="TRUE">C:\Users\fromeroc\Desktop\Drought\2010 JUNIO\2010JUN\mex_0610_d3</srcused><date Sync="TRUE">20100811</date><time Sync="TRUE">11205200</time></procstep><procstep><procdesc Sync="TRUE">Dataset copied.</procdesc><srcused Sync="TRUE">C:\Users\fromeroc\Desktop\Drought\2010 JULIO\JULIO2010\mex_0710_d3</srcused><date Sync="TRUE">20100914</date><time Sync="TRUE">14284300</time></procstep><procstep><procdesc Sync="TRUE">Dataset copied.</procdesc><srcused Sync="TRUE">C:\Users\fromeroc\Desktop\Drought\2010 AGOSTO\AGOSTO 2010\mex_0810_d3</srcused><date Sync="TRUE">20101011</date><time Sync="TRUE">18430000</time></procstep><procstep><procdesc Sync="TRUE">Dataset copied.</procdesc><srcused Sync="TRUE">C:\Users\fromeroc\Desktop\Drought\2010 OCTUBRE\OCTUBRE 2010\mex_1010_d3</srcused><procdate Sync="TRUE">20101210</procdate><proctime Sync="TRUE">15131300</proctime></procstep><procstep><procdesc Sync="TRUE">Dataset copied.</procdesc><srcused Sync="TRUE">C:\Users\fromeroc\Desktop\Drought\2010 NOVIEMBRE\nov2010\mex_1110_d3</srcused><procdate Sync="TRUE">20110106</procdate><proctime Sync="TRUE">13442300</proctime></procstep></lineage></dataqual><dataIdInfo><envirDesc Sync="TRUE">Microsoft Windows Server 2008 R2 Version 6.1 (Build 7601) Service Pack 1; ESRI ArcGIS 10.0.0.2414</envirDesc><dataLang><languageCode value="spa" country="MEX"></languageCode></dataLang><idCitation><resTitle Sync="TRUE">mexseq_201212_d3</resTitle><presForm><PresFormCd value="005"></PresFormCd></presForm></idCitation><descKeys><thesaName uuidref="723f6998-058e-11dc-8314-0800200c9a66"></thesaName><keyword Sync="TRUE">002</keyword></descKeys><spatRpType><SpatRepTypCd value="001"></SpatRepTypCd></spatRpType></dataIdInfo><mdLang><languageCode value="spa"></languageCode></mdLang><mdHrLv><ScopeCd value="005"></ScopeCd></mdHrLv><mdHrLvName Sync="TRUE">dataset</mdHrLvName><refSysInfo><RefSystem><refSysID><identCode code="0"></identCode></refSysID></RefSystem></refSysInfo><spdoinfo><ptvctinf><esriterm Name="mexseq_201212_d3"><efeatyp Sync="TRUE">Simple</efeatyp><efeageom Sync="TRUE">4</efeageom><esritopo Sync="TRUE">FALSE</esritopo><efeacnt Sync="TRUE">0</efeacnt><spindex Sync="TRUE">FALSE</spindex><linrefer Sync="TRUE">FALSE</linrefer></esriterm></ptvctinf></spdoinfo><spatRepInfo><VectSpatRep><topLvl><TopoLevCd value="001"></TopoLevCd></topLvl><geometObjs><geoObjTyp><GeoObjTypCd value="002"></GeoObjTypCd><geoObjCnt Sync="TRUE">0</geoObjCnt></geoObjTyp></geometObjs></VectSpatRep></spatRepInfo><eainfo><detailed Name="mexseq_201212_d3"><enttyp><enttypl Sync="TRUE">mexseq_201212_d3</enttypl><enttypt Sync="TRUE">Feature Class</enttypt><enttypc Sync="TRUE">0</enttypc></enttyp><attr><attrlabl Sync="TRUE">FID</attrlabl><attalias Sync="TRUE">FID</attalias><attrtype Sync="TRUE">OID</attrtype><attwidth Sync="TRUE">4</attwidth><atprecis Sync="TRUE">0</atprecis><attscale Sync="TRUE">0</attscale><attrdef Sync="TRUE">Internal feature number.</attrdef><attrdefs Sync="TRUE">ESRI</attrdefs><attrdomv><udom Sync="TRUE">Sequential unique whole numbers that are automatically generated.</udom></attrdomv></attr><attr><attrlabl Sync="TRUE">Shape</attrlabl><attalias Sync="TRUE">Shape</attalias><attrtype Sync="TRUE">Geometry</attrtype><attwidth Sync="TRUE">0</attwidth><atprecis Sync="TRUE">0</atprecis><attscale Sync="TRUE">0</attscale><attrdef Sync="TRUE">Feature geometry.</attrdef><attrdefs Sync="TRUE">ESRI</attrdefs><attrdomv><udom Sync="TRUE">Coordinates defining the features.</udom></attrdomv></attr><attr><attrlabl Sync="TRUE">Shape_Leng</attrlabl><attalias Sync="TRUE">Shape_Leng</attalias><attrtype Sync="TRUE">Double</attrtype><attwidth Sync="TRUE">19</attwidth><atprecis Sync="TRUE">0</atprecis><attscale Sync="TRUE">0</attscale></attr><attr><attrlabl Sync="TRUE">Shape_Area</attrlabl><attalias Sync="TRUE">Shape_Area</attalias><attrtype Sync="TRUE">Double</attrtype><attwidth Sync="TRUE">19</attwidth><atprecis Sync="TRUE">0</atprecis><attscale Sync="TRUE">0</attscale><attrdef Sync="TRUE">Area of feature in internal units squared.</attrdef><attrdefs Sync="TRUE">ESRI</attrdefs><attrdomv><udom Sync="TRUE">Positive real numbers that are automatically generated.</udom></attrdomv></attr><attr><attrlabl Sync="TRUE">F_AREA</attrlabl><attalias Sync="TRUE">F_AREA</attalias><attrtype Sync="TRUE">Double</attrtype><attwidth Sync="TRUE">19</attwidth><atprecis Sync="TRUE">0</atprecis><attscale Sync="TRUE">0</attscale></attr></detailed></eainfo><mdDateSt Sync="TRUE">20130108</mdDateSt></metadata>
