<?xml version="1.0" encoding="UTF-8"?>
<metadata xml:lang="es"><Esri><CreaDate>20111014</CreaDate><CreaTime>14203400</CreaTime><ArcGISFormat>1.0</ArcGISFormat><SyncOnce>TRUE</SyncOnce><DataProperties><lineage><Process ToolSource="C:\Program Files (x86)\ArcGIS\Desktop10.0\ArcToolbox\Toolboxes\Data Management Tools.tbx\DefineProjection" Date="20110901" Time="113042">DefineProjection Drought_Impacts_Type_200710 GEOGCS['GCS_WGS_1984',DATUM['D_WGS_1984',SPHEROID['WGS_1984',6378137.0,298.257223563]],PRIMEM['Greenwich',0.0],UNIT['Degree',0.0174532925199433]]</Process></lineage><itemProps><itemLocation><linkage Sync="TRUE">file://\\CE0408W432\C$\Users\rpascual\Desktop\MEX_SEQ\2007\mexseq_200710\Drought_impact_types_200710</linkage><protocol Sync="TRUE">Local Area Network</protocol></itemLocation></itemProps><copyHistory><copy source="G:\CALCULO DE AREAS\NADM AREAS\CLIPS_IMPACT\2007_IMPACT\2007_10\Drought_impact_types_200710" dest="\\CE0408W432\C$\Users\rpascual\Desktop\MEX_SEQ\2007\mexseq_200710\Drought_impact_types_200710" date="20111014" time="14203400"></copy></copyHistory></DataProperties></Esri></metadata>
