<?xml version="1.0"?>
<!--<!DOCTYPE metadata SYSTEM "http://www.esri.com/metadata/esriprof80.dtd">-->
<metadata xml:lang="en"><Esri><CreaDate>20110725</CreaDate><CreaTime>10301500</CreaTime><SyncOnce>FALSE</SyncOnce><SyncDate>20110725</SyncDate><SyncTime>10341000</SyncTime><ModDate>20110725</ModDate><ModTime>10341000</ModTime><DataProperties><lineage><Process ToolSource="C:\Program Files\ArcGIS\ArcToolbox\Toolboxes\Analysis Tools.tbx\Clip" Date="20100409" Time="154428">Clip "Drought Assessment\cdm201003\cdm201003_D3_lr" "Static Shapefiles\Reference\ca_bndy" N:\nais_gis\NADM\DroughtAreas\CANADA\10\03\cdm201003_D3_lr_draft4.shp #</Process><Process ToolSource="C:\Program Files\ArcGIS\ArcToolbox\Toolboxes\Data Management Tools.tbx\Project" Date="20100412" Time="162557">Project Analysis\cdm201003_D3_lr_draft4 N:\nais_gis\NADM\DroughtAreas\CANADA\10\03\cdm201003_D3_lr_final.shp GEOGCS['GCS_North_American_1983',DATUM['D_North_American_1983',SPHEROID['GRS_1980',6378137.0,298.257222101]],PRIMEM['Greenwich',0.0],UNIT['Degree',0.0174532925199433]] NAD_1983_To_NAD_1983_CSRS_1 GEOGCS['GCS_North_American_1983_CSRS',DATUM['D_North_American_1983_CSRS',SPHEROID['GRS_1980',6378137.0,298.257222101]],PRIMEM['Greenwich',0.0],UNIT['Degree',0.0174532925199433]]</Process><Process ToolSource="C:\Program Files\ArcGIS\ArcToolbox\Toolboxes\Data Management Tools.tbx\Merge" Date="20100429" Time="105009">Merge cdm201004_D0_draft1;d0 P:\PROJECTS\NADM\1004\cdm201004_D0_draft1_1.shp "DM 'DM' true true false 9 Long 0 9 ,First,#,cdm201004_D0_draft1,DM,-1,-1,d0,DM,-1,-1"</Process><Process ToolSource="C:\Program Files\ArcGIS\ArcToolbox\Toolboxes\Analysis Tools.tbx\Clip" Date="20100527" Time="153259">Clip cdm201005_D0_draft1 "\\skregisd\NAIS\nais_gis\Base Mapping Layers\ca_bndyCopy.shp" P:\PROJECTS\NADM\1005\cdm201005_D0_draft1_c.shp #</Process><Process ToolSource="C:\Program Files\ArcGIS\ArcToolbox\Toolboxes\Analysis Tools.tbx\Clip" Date="20100602" Time="152934">Clip "Drought Assessment\cdm201005_D0_draft1_c" "Static Shapefiles\Reference\ca_bndy" C:\WorkSpace\cdm201005_D0_draft2_lr.shp #</Process><Process ToolSource="C:\Program Files\ArcGIS\ArcToolbox\Toolboxes\Analysis Tools.tbx\Clip" Date="20100603" Time="113840">Clip "Drought Assessment\cdm201005_D0_draft2_lr" "Static Shapefiles\Reference\ca_bndy" C:\WorkSpace\cdm201005_D0_draft2_lr.shp #</Process><Process Name="Clip" ToolSource="C:\Program Files\ArcGIS\ArcToolbox\Toolboxes\Analysis Tools.tbx\Clip" Date="20100608" Time="143422">Clip N:\nais_gis\NADM\DroughtAreas\CANADA\Working\cdm201005_D0_draft3_lr.shp "\\skregisd\NAIS\nais_gis\Base Mapping Layers\ca_bndyCopy.shp" N:\nais_gis\NADM\DroughtAreas\CANADA\Working\cdm201005_D0_draft3_lr_clip.shp #</Process><Process ToolSource="C:\Program Files\ArcGIS\ArcToolbox\Toolboxes\Analysis Tools.tbx\Clip" Date="20100609" Time="153348">Clip "Drought Assessment\cdm201005\cdm201005_D0_draft4_lr" "Static Shapefiles\ca_bndy" N:\nais_gis\NADM\DroughtAreas\CANADA\Working\cdm201005_D0_draft3_lr.shp #</Process><Process ToolSource="C:\Program Files\ArcGIS\ArcToolbox\Toolboxes\Analysis Tools.tbx\Clip" Date="20100805" Time="133856">Clip "Drought Assessment\cdm201007_D0_draft2" "Drought Assessment\ca_bndy_provinces" N:\nais_gis\NADM\DroughtAreas\CANADA\Working\cdm201007_D0_draft2_c.shp #</Process><Process ToolSource="C:\Program Files\ArcGIS\ArcToolbox\Toolboxes\Analysis Tools.tbx\Clip" Date="20100805" Time="154302">Clip "Drought Assessment\cdm201007_D0_draft2_c" "Static Shapefiles\ca_bndy" N:\nais_gis\NADM\DroughtAreas\CANADA\Working\cdm201007_D0_draft2_1c.shp #</Process><Process ToolSource="C:\Program Files\ArcGIS\ArcToolbox\Toolboxes\Analysis Tools.tbx\Clip" Date="20100827" Time="111406">Clip cdm201008_d0_draft1 "Static Shapefiles\ca_bndy" N:\nais_gis\NADM\DroughtAreas\CANADA\Working\cdm201008_d0_draft1_1.shp #</Process><Process ToolSource="C:\Program Files\ArcGIS\ArcToolbox\Toolboxes\Analysis Tools.tbx\Clip" Date="20100908" Time="100902">Clip cdm201008_d0_draft2 "Static Shapefiles\ca_bndy" "C:\Documents and Settings\chobanikd\Desktop\Temp\cdm201008_D0_final.shp" #</Process><Process ToolSource="C:\Program Files\ArcGIS\ArcToolbox\Toolboxes\Analysis Tools.tbx\Clip" Date="20100909" Time="090639">Clip cdm201008_d0_final "Static Shapefiles\ca_bndy" "C:\Documents and Settings\chobanikd\Desktop\Temp\cdm201008_d0_final1.shp" #</Process><Process Name="Clip" ToolSource="C:\Program Files\ArcGIS\ArcToolbox\Toolboxes\Analysis Tools.tbx\Clip" Date="20101006" Time="152621">Clip P:\PROJECTS\NADM\1009\cdm201009_d0_draft2.shp "\\skregisd\NAIS\nais_gis\Base Mapping Layers\ca_bndyCopy.shp" P:\PROJECTS\NADM\1009\cdm201009_d0_draft2_Clip.shp #</Process><Process ToolSource="C:\Documents and Settings\bogdandd\Application Data\ESRI\ArcToolbox\My Toolboxes\ZMyToolbox.tbx\Model" Date="20101006" Time="152622">Model P:\PROJECTS\NADM\1009\cdm201009_d0_draft2.shp P:\PROJECTS\NADM\1009\cdm201009_d0_draft2_Clip.shp</Process><Process ToolSource="C:\Program Files\ArcGIS\ArcToolbox\Toolboxes\Data Management Tools.tbx\Merge" Date="20110107" Time="115406">Merge N:\nais_gis\NADM\DroughtAreas\CANADA\Working\cdm201012_d0_draft.shp;N:\nais_gis\NADM\DroughtAreas\CANADA\Working\cdm201012_d1_draft.shp;N:\nais_gis\NADM\DroughtAreas\CANADA\Working\cdm201012_d2_draft.shp;N:\nais_gis\NADM\DroughtAreas\CANADA\Working\cdm201012_d3_draft.shp C:\Temp\TempMergedLayered.shp "DM 'DM' true true false 9 Long 0 9 ,First,#,N:\nais_gis\NADM\DroughtAreas\CANADA\Working\cdm201012_d0_draft.shp,DM,-1,-1,N:\nais_gis\NADM\DroughtAreas\CANADA\Working\cdm201012_d1_draft.shp,DM,-1,-1,N:\nais_gis\NADM\DroughtAreas\CANADA\Working\cdm201012_d2_draft.shp,DM,-1,-1,N:\nais_gis\NADM\DroughtAreas\CANADA\Working\cdm201012_d3_draft.shp,DM,-1,-1"</Process><Process ToolSource="C:\Program Files\ArcGIS\ArcToolbox\Toolboxes\Analysis Tools.tbx\Clip" Date="20110107" Time="115639">Clip C:\Temp\TempMergedLayered.shp "\\skregisd\NAIS\nais_gis\Base Mapping Layers\ca_bndyCopy.shp" N:\nais_gis\NADM\DroughtAreas\CANADA\Canada-shapefiles-final.mdb\DA_Layered\CDM201012_lr #</Process><Process ToolSource="C:\Documents and Settings\bogdandd\Application Data\ESRI\ArcToolbox\My Toolboxes\ZMyToolbox.tbx\NADMimportScript" Date="20110107" Time="120041">NADMimportScript N:\nais_gis\NADM\DroughtAreas\CANADA\Working\cdm201012_d0_draft.shp;N:\nais_gis\NADM\DroughtAreas\CANADA\Working\cdm201012_d1_draft.shp;N:\nais_gis\NADM\DroughtAreas\CANADA\Working\cdm201012_d2_draft.shp;N:\nais_gis\NADM\DroughtAreas\CANADA\Working\cdm201012_d3_draft.shp N:\nais_gis\NADM\DroughtAreas\CANADA\Canada-shapefiles-final.mdb\DA_Layered\CDM201012_lr "N:\nais_gis\NADM\DroughtAreas\CANADA\Canada-shapefiles-final.mdb\DA_Cookie Cut\CDM201012_cc"</Process><Process ToolSource="C:\Program Files\ArcGIS\ArcToolbox\Toolboxes\Data Management Tools.tbx\Merge" Date="20110113" Time="140828">Merge Analysis\CDM201012_lr;Analysis\usdm101228;Analysis\mex_1210_d3_Clip N:\nais_gis\NADM\Authorship\201012\nadm_201012_d3.shp "DM 'DM' true true false 4 Long 0 0 ,First,#,Analysis\CDM201012_lr,DM,-1,-1,Analysis\usdm101228,DM,-1,-1,Analysis\mex_1210_d3_Clip,DM,-1,-1;Shape_Leng 'Shape_Length' false true true 8 Double 0 0 ,First,#,Analysis\CDM201012_lr,Shape_Length,-1,-1;Shape_Area 'Shape_Area' false true true 8 Double 0 0 ,First,#,Analysis\CDM201012_lr,Shape_Area,-1,-1;ID 'ID' true true false 6 Long 0 6 ,First,#,Analysis\mex_1210_d3_Clip,ID,-1,-1"</Process><Process ToolSource="C:\Program Files (x86)\ArcGIS\Desktop10.0\ArcToolbox\Toolboxes\Data Management Tools.tbx\Project" Date="20110725" Time="103015">Project nadm_d3_201012 "C:\CALCULO DE AREAS\NADM AREAS\REPROYECCIÓN\2010\2010_12\RP_201012_D3.shp" PROJCS['NAD_1983_Lambert_Conformal_Conic',GEOGCS['GCS_North_American_1983',DATUM['D_North_American_1983',SPHEROID['GRS_1980',6378137.0,298.257222101]],PRIMEM['Greenwich',0.0],UNIT['Degree',0.0174532925199433]],PROJECTION['Lambert_Conformal_Conic'],PARAMETER['False_Easting',2500000.0],PARAMETER['False_Northing',0.0],PARAMETER['Central_Meridian',-102.0],PARAMETER['Standard_Parallel_1',17.5],PARAMETER['Standard_Parallel_2',29.5],PARAMETER['Latitude_Of_Origin',12.0],UNIT['Meter',1.0]] # GEOGCS['GCS_North_American_1983',DATUM['D_North_American_1983',SPHEROID['GRS_1980',6378137.0,298.257222101]],PRIMEM['Greenwich',0.0],UNIT['Degree',0.0174532925199433]]</Process><Process ToolSource="C:\Program Files (x86)\ArcGIS\Desktop10.0\ArcToolbox\Toolboxes\Analysis Tools.tbx\Clip" Date="20110725" Time="103417">Clip RP_201012_D3 RP_PAIS "C:\CALCULO DE AREAS\NADM AREAS\CLIP\2010\2010_12\C_201012_D3.shp" #</Process></lineage><itemProps><itemName Sync="TRUE">C_201012_D3</itemName><imsContentType Sync="TRUE">002</imsContentType><itemSize Sync="TRUE">0.000</itemSize><itemLocation><linkage Sync="TRUE">file://\\CE0408W432\C$\CALCULO DE AREAS\NADM AREAS\CLIP\2010\2010_12\C_201012_D3.shp</linkage><protocol Sync="TRUE">Local Area Network</protocol></itemLocation></itemProps><coordRef><type Sync="TRUE">Projected</type><geogcsn Sync="TRUE">GCS_North_American_1983</geogcsn><projcsn Sync="TRUE">NAD_1983_Lambert_Conformal_Conic</projcsn><peXml Sync="TRUE">&lt;ProjectedCoordinateSystem xsi:type='typens:ProjectedCoordinateSystem' xmlns:xsi='http://www.w3.org/2001/XMLSchema-instance' xmlns:xs='http://www.w3.org/2001/XMLSchema' xmlns:typens='http://www.esri.com/schemas/ArcGIS/10.0'&gt;&lt;WKT&gt;PROJCS[&amp;quot;NAD_1983_Lambert_Conformal_Conic&amp;quot;,GEOGCS[&amp;quot;GCS_North_American_1983&amp;quot;,DATUM[&amp;quot;D_North_American_1983&amp;quot;,SPHEROID[&amp;quot;GRS_1980&amp;quot;,6378137.0,298.257222101]],PRIMEM[&amp;quot;Greenwich&amp;quot;,0.0],UNIT[&amp;quot;Degree&amp;quot;,0.0174532925199433]],PROJECTION[&amp;quot;Lambert_Conformal_Conic&amp;quot;],PARAMETER[&amp;quot;False_Easting&amp;quot;,2500000.0],PARAMETER[&amp;quot;False_Northing&amp;quot;,0.0],PARAMETER[&amp;quot;Central_Meridian&amp;quot;,-102.0],PARAMETER[&amp;quot;Standard_Parallel_1&amp;quot;,17.5],PARAMETER[&amp;quot;Standard_Parallel_2&amp;quot;,29.5],PARAMETER[&amp;quot;Latitude_Of_Origin&amp;quot;,12.0],UNIT[&amp;quot;Meter&amp;quot;,1.0]]&lt;/WKT&gt;&lt;XOrigin&gt;-37031600&lt;/XOrigin&gt;&lt;YOrigin&gt;-25743800&lt;/YOrigin&gt;&lt;XYScale&gt;113924041.20679393&lt;/XYScale&gt;&lt;ZOrigin&gt;-100000&lt;/ZOrigin&gt;&lt;ZScale&gt;10000&lt;/ZScale&gt;&lt;MOrigin&gt;-100000&lt;/MOrigin&gt;&lt;MScale&gt;10000&lt;/MScale&gt;&lt;XYTolerance&gt;0.001&lt;/XYTolerance&gt;&lt;ZTolerance&gt;0.001&lt;/ZTolerance&gt;&lt;MTolerance&gt;0.001&lt;/MTolerance&gt;&lt;HighPrecision&gt;true&lt;/HighPrecision&gt;&lt;/ProjectedCoordinateSystem&gt;</peXml></coordRef></DataProperties><ArcGISFormat>1.0</ArcGISFormat></Esri><idinfo><citation><citeinfo><onlink Sync="TRUE">\\skregisd\NAIS\nais_gis\NADM\Authorship\201012\nadm_201012_d3.shp</onlink><origin>REQUIRED: The name of an organization or individual that developed the data set.</origin><pubdate>REQUIRED: The date when the data set is published or otherwise made available for release.</pubdate><title Sync="TRUE">nadm_201012_d3</title><ftname Sync="TRUE">nadm_201012_d3</ftname><geoform Sync="TRUE">vector digital data</geoform></citeinfo></citation><native Sync="TRUE">Microsoft Windows XP Version 5.1 (Build 2600) Service Pack 3; ESRI ArcCatalog 9.3.1.1850</native><descript><langdata Sync="TRUE">en</langdata><abstract>REQUIRED: A brief narrative summary of the data set.</abstract><purpose>REQUIRED: A summary of the intentions with which the data set was developed.</purpose></descript><timeperd><current>REQUIRED: The basis on which the time period of content information is determined.</current><timeinfo><sngdate><caldate>REQUIRED: The year (and optionally month, or month and day) for which the data set corresponds to the ground.</caldate></sngdate></timeinfo></timeperd><status><progress>REQUIRED: The state of the data set.</progress><update>REQUIRED: The frequency with which changes and additions are made to the data set after the initial data set is completed.</update></status><spdom><bounding><westbc Sync="TRUE">-140.159500</westbc><eastbc Sync="TRUE">-68.666959</eastbc><northbc Sync="TRUE">64.080042</northbc><southbc Sync="TRUE">41.866846</southbc></bounding><lboundng><leftbc Sync="TRUE">-140.159500</leftbc><rightbc Sync="TRUE">-68.666959</rightbc><bottombc Sync="TRUE">41.866846</bottombc><topbc Sync="TRUE">64.080042</topbc></lboundng></spdom><keywords><theme><themekt>REQUIRED: Reference to a formally registered thesaurus or a similar authoritative source of theme keywords.</themekt><themekey>REQUIRED: Common-use word or phrase used to describe the subject of the data set.</themekey></theme></keywords><accconst>REQUIRED: Restrictions and legal prerequisites for accessing the data set.</accconst><useconst>REQUIRED: Restrictions and legal prerequisites for using the data set after access is granted.</useconst><natvform Sync="TRUE">Shapefile</natvform></idinfo><distInfo><distributor><distorTran><onLineSrc><linkage Sync="TRUE">file://\\skregisd\NAIS\nais_gis\NADM\Authorship\201012\nadm_201012_d3.shp</linkage><protocol Sync="TRUE">Local Area Network</protocol><orDesc Sync="TRUE">002</orDesc></onLineSrc><transSize Sync="TRUE">0.000</transSize></distorTran><distorFormat><formatName Sync="TRUE">Shapefile</formatName></distorFormat></distributor><distFormat><formatName Sync="TRUE">Shapefile</formatName></distFormat><distTranOps><transSize Sync="TRUE">0.000</transSize></distTranOps></distInfo><dataqual><lineage><procstep><procdesc Sync="TRUE">Dataset moved.</procdesc><srcused Sync="TRUE">N:\nais_gis\NADM\DroughtAreas\CANADA\10\03\cdm201003_D3_lr</srcused><procdate Sync="TRUE">20100406</procdate><proctime Sync="TRUE">14171300</proctime></procstep><procstep><procdesc Sync="TRUE">Dataset copied.</procdesc><srcused Sync="TRUE"></srcused><procdate Sync="TRUE">20100412</procdate><proctime Sync="TRUE">16255600</proctime></procstep><procstep><procdesc Sync="TRUE">Dataset copied.</procdesc><srcused Sync="TRUE">N:\nais_gis\NADM\DroughtAreas\CANADA\10\03\cdm201003_D3_lr_final</srcused><procdate Sync="TRUE">20100412</procdate><proctime Sync="TRUE">16595200</proctime></procstep><procstep><procdesc Sync="TRUE">Dataset moved.</procdesc><srcused Sync="TRUE">N:\nais_gis\NADM\DroughtAreas\CANADA\10\03\Clip\cdm201003_D3_lr_final</srcused><procdate Sync="TRUE">20100413</procdate><proctime Sync="TRUE">13073600</proctime></procstep><procstep><procdesc Sync="TRUE">Dataset copied.</procdesc><srcused Sync="TRUE">N:\nais_gis\NADM\DroughtAreas\CANADA\Working\cdm201003_D3_lr_final</srcused><procdate Sync="TRUE">20100429</procdate><proctime Sync="TRUE">09355000</proctime></procstep><procstep><procdesc Sync="TRUE">Dataset copied.</procdesc><srcused Sync="TRUE"></srcused><procdate Sync="TRUE">20100429</procdate><proctime Sync="TRUE">10451900</proctime></procstep><procstep><procdesc Sync="TRUE">Dataset copied.</procdesc><srcused Sync="TRUE">P:\PROJECTS\NADM\1004\cdm201004_D0_draft1</srcused><procdate Sync="TRUE">20100527</procdate><proctime Sync="TRUE">14153800</proctime></procstep><procstep><procdesc Sync="TRUE">Dataset copied.</procdesc><srcused Sync="TRUE">P:\PROJECTS\NADM\1005\cdm201005_D0_draft1_c</srcused><procdate Sync="TRUE">20100527</procdate><proctime Sync="TRUE">15470700</proctime></procstep><procstep><procdesc Sync="TRUE">Dataset copied.</procdesc><srcused Sync="TRUE">N:\nais_gis\NADM\DroughtAreas\CANADA\Working\cdm201005_D0_draft2_lr</srcused><procdate Sync="TRUE">20100608</procdate><proctime Sync="TRUE">12513800</proctime></procstep><procstep><procdesc Sync="TRUE">Dataset copied.</procdesc><srcused Sync="TRUE">N:\nais_gis\NADM\DroughtAreas\CANADA\Working\cdm201005_D0_draft3_lr</srcused><procdate Sync="TRUE">20100617</procdate><proctime Sync="TRUE">09231500</proctime></procstep><procstep><procdesc Sync="TRUE">Dataset copied.</procdesc><srcused Sync="TRUE">P:\PROJECTS\NADM\1006\cdm201006_D0_draft1</srcused><procdate Sync="TRUE">20100723</procdate><proctime Sync="TRUE">09322200</proctime></procstep><procstep><procdesc Sync="TRUE">Dataset copied.</procdesc><srcused Sync="TRUE">P:\PROJECTS\NADM\1007\cdm201007_D0_draft1</srcused><procdate Sync="TRUE">20100723</procdate><proctime Sync="TRUE">11241300</proctime></procstep><procstep><procdesc Sync="TRUE">Dataset copied.</procdesc><srcused Sync="TRUE">N:\nais_gis\NADM\DroughtAreas\CANADA\Working\cdm201007_D0_draft1</srcused><procdate Sync="TRUE">20100805</procdate><proctime Sync="TRUE">10093700</proctime></procstep><procstep><procdesc Sync="TRUE">Dataset copied.</procdesc><srcused Sync="TRUE"></srcused><procdate Sync="TRUE">20100826</procdate><proctime Sync="TRUE">15503700</proctime></procstep><procstep><procdesc Sync="TRUE">Dataset copied.</procdesc><srcused Sync="TRUE">P:\PROJECTS\NADM\1008\cdm201008_d0_draft1</srcused><procdate Sync="TRUE">20100826</procdate><proctime Sync="TRUE">16140800</proctime></procstep><procstep><procdesc Sync="TRUE">Dataset copied.</procdesc><srcused Sync="TRUE"></srcused><procdate Sync="TRUE">20100930</procdate><proctime Sync="TRUE">10364800</proctime></procstep><procstep><procdesc Sync="TRUE">Dataset copied.</procdesc><srcused Sync="TRUE"></srcused><procdate Sync="TRUE">20101006</procdate><proctime Sync="TRUE">13270900</proctime></procstep><procstep><procdesc Sync="TRUE">Dataset copied.</procdesc><srcused Sync="TRUE">P:\PROJECTS\NADM\1009\cdm201009_d0_final</srcused><procdate Sync="TRUE">20101028</procdate><proctime Sync="TRUE">13504500</proctime></procstep><procstep><procdesc Sync="TRUE">Dataset copied.</procdesc><srcused Sync="TRUE">P:\PROJECTS\NADM\1010\cdm201010_d0_final</srcused><procdate Sync="TRUE">20101122</procdate><proctime Sync="TRUE">09033700</proctime></procstep><procstep><procdesc Sync="TRUE">Dataset copied.</procdesc><srcused Sync="TRUE">P:\PROJECTS\NADM\1011\cdm201011_d0_draft</srcused><procdate Sync="TRUE">20110107</procdate><proctime Sync="TRUE">08291300</proctime></procstep><procstep><procdesc Sync="TRUE">Dataset copied.</procdesc><srcused Sync="TRUE">P:\PROJECTS\NADM\1012\cdm201012_d0_draft</srcused><procdate Sync="TRUE">20110107</procdate><proctime Sync="TRUE">10083200</proctime></procstep></lineage></dataqual><dataIdInfo><envirDesc Sync="TRUE">Microsoft Windows Server 2008 R2 Version 6.1 (Build 7601) Service Pack 1; ESRI ArcGIS 10.0.0.2414</envirDesc><dataLang><languageCode Sync="TRUE" value="spa" country="MEX"></languageCode></dataLang><idCitation><resTitle Sync="TRUE">C_201012_D3</resTitle><presForm><PresFormCd Sync="TRUE" value="005"></PresFormCd></presForm></idCitation><spatRpType><SpatRepTypCd Sync="TRUE" value="001"></SpatRepTypCd></spatRpType><dataExt><geoEle><GeoBndBox esriExtentType="native"><westBL Sync="TRUE">-140.1595</westBL><eastBL Sync="TRUE">-68.666959</eastBL><northBL Sync="TRUE">64.080042</northBL><southBL Sync="TRUE">41.866846</southBL><exTypeCode Sync="TRUE">1</exTypeCode></GeoBndBox></geoEle></dataExt><geoBox esriExtentType="decdegrees"><westBL Sync="TRUE">-140.1595</westBL><eastBL Sync="TRUE">-68.666959</eastBL><northBL Sync="TRUE">64.080042</northBL><southBL Sync="TRUE">41.866846</southBL><exTypeCode Sync="TRUE">1</exTypeCode></geoBox><descKeys><thesaName uuidref="723f6998-058e-11dc-8314-0800200c9a66"></thesaName><keyword Sync="TRUE">002</keyword></descKeys></dataIdInfo><metainfo><langmeta Sync="TRUE">en</langmeta><metstdn Sync="TRUE">FGDC Content Standards for Digital Geospatial Metadata</metstdn><metstdv Sync="TRUE">FGDC-STD-001-1998</metstdv><mettc Sync="TRUE">local time</mettc><metc><cntinfo><cntorgp><cntper>REQUIRED: The person responsible for the metadata information.</cntper><cntorg>REQUIRED: The organization responsible for the metadata information.</cntorg></cntorgp><cntaddr><addrtype>REQUIRED: The mailing and/or physical address for the organization or individual.</addrtype><city>REQUIRED: The city of the address.</city><state>REQUIRED: The state or province of the address.</state><postal>REQUIRED: The ZIP or other postal code of the address.</postal></cntaddr><cntvoice>REQUIRED: The telephone number by which individuals can speak to the organization or individual.</cntvoice></cntinfo></metc><metd Sync="TRUE">20110113</metd></metainfo><mdLang><languageCode Sync="TRUE" value="spa"></languageCode></mdLang><mdStanName Sync="TRUE">ISO 19115 Geographic Information - Metadata</mdStanName><mdStanVer Sync="TRUE">DIS_ESRI1.0</mdStanVer><mdChar><CharSetCd Sync="TRUE" value="004"></CharSetCd></mdChar><mdHrLv><ScopeCd Sync="TRUE" value="005"></ScopeCd></mdHrLv><mdHrLvName Sync="TRUE">dataset</mdHrLvName><distinfo><resdesc Sync="TRUE">Downloadable Data</resdesc><stdorder><digform><digtinfo><transize Sync="TRUE">0.000</transize><dssize Sync="TRUE">0.000</dssize></digtinfo></digform></stdorder></distinfo><spdoinfo><direct Sync="TRUE">Vector</direct><ptvctinf><esriterm Name="C_201012_D3"><efeatyp Sync="TRUE">Simple</efeatyp><efeageom Sync="TRUE">4</efeageom><esritopo Sync="TRUE">FALSE</esritopo><efeacnt Sync="TRUE">0</efeacnt><spindex Sync="TRUE">FALSE</spindex><linrefer Sync="TRUE">FALSE</linrefer></esriterm></ptvctinf></spdoinfo><spref><horizsys><cordsysn><geogcsn Sync="TRUE">GCS_North_American_1983</geogcsn></cordsysn><geodetic><horizdn Sync="TRUE">North American Datum of 1983</horizdn><ellips Sync="TRUE">Geodetic Reference System 80</ellips><semiaxis Sync="TRUE">6378137.000000</semiaxis><denflat Sync="TRUE">298.257222</denflat></geodetic></horizsys><vertdef><altsys><altenc Sync="TRUE">Explicit elevation coordinate included with horizontal coordinates</altenc><altres Sync="TRUE">0.000100</altres></altsys></vertdef></spref><refSysInfo><RefSystem><refSysID><identCode Sync="TRUE" code="0">GCS_North_American_1983</identCode></refSysID></RefSystem></refSysInfo><spatRepInfo><VectSpatRep><topLvl><TopoLevCd Sync="TRUE" value="001"></TopoLevCd></topLvl><geometObjs Name="nadm_201012_d3"><geoObjTyp><GeoObjTypCd Sync="TRUE" value="002"></GeoObjTypCd><geoObjCnt Sync="TRUE">0</geoObjCnt></geoObjTyp><geoObjCnt Sync="TRUE">0</geoObjCnt></geometObjs></VectSpatRep></spatRepInfo><eainfo><detailed Name="C_201012_D3"><enttyp><enttypl Sync="TRUE">C_201012_D3</enttypl><enttypt Sync="TRUE">Feature Class</enttypt><enttypc Sync="TRUE">0</enttypc></enttyp><attr><attrlabl Sync="TRUE">FID</attrlabl><attalias Sync="TRUE">FID</attalias><attrtype Sync="TRUE">OID</attrtype><attwidth Sync="TRUE">4</attwidth><atprecis Sync="TRUE">0</atprecis><attscale Sync="TRUE">0</attscale><attrdef Sync="TRUE">Internal feature number.</attrdef><attrdefs Sync="TRUE">ESRI</attrdefs><attrdomv><udom Sync="TRUE">Sequential unique whole numbers that are automatically generated.</udom></attrdomv></attr><attr><attrlabl Sync="TRUE">Shape</attrlabl><attalias Sync="TRUE">Shape</attalias><attrtype Sync="TRUE">Geometry</attrtype><attwidth Sync="TRUE">0</attwidth><atprecis Sync="TRUE">0</atprecis><attscale Sync="TRUE">0</attscale><attrdef Sync="TRUE">Feature geometry.</attrdef><attrdefs Sync="TRUE">ESRI</attrdefs><attrdomv><udom Sync="TRUE">Coordinates defining the features.</udom></attrdomv></attr><attr><attrlabl Sync="TRUE">DM</attrlabl><attalias Sync="TRUE">DM</attalias><attrtype Sync="TRUE">Integer</attrtype><attwidth Sync="TRUE">9</attwidth><atprecis Sync="TRUE">9</atprecis><attscale Sync="TRUE">0</attscale></attr><attr><attrlabl Sync="TRUE">Shape_Leng</attrlabl><attalias Sync="TRUE">Shape_Leng</attalias><attrtype Sync="TRUE">Double</attrtype><attwidth Sync="TRUE">19</attwidth><atprecis Sync="TRUE">0</atprecis><attscale Sync="TRUE">0</attscale></attr><attr><attrlabl Sync="TRUE">Shape_Area</attrlabl><attalias Sync="TRUE">Shape_Area</attalias><attrtype Sync="TRUE">Double</attrtype><attwidth Sync="TRUE">19</attwidth><attrdef Sync="TRUE">Area of feature in internal units squared.</attrdef><attrdefs Sync="TRUE">ESRI</attrdefs><attrdomv><udom Sync="TRUE">Positive real numbers that are automatically generated.</udom></attrdomv><atprecis Sync="TRUE">0</atprecis><attscale Sync="TRUE">0</attscale></attr><attr><attrlabl Sync="TRUE">ID</attrlabl><attalias Sync="TRUE">ID</attalias><attrtype Sync="TRUE">Integer</attrtype><attwidth Sync="TRUE">6</attwidth><atprecis Sync="TRUE">6</atprecis><attscale Sync="TRUE">0</attscale></attr></detailed></eainfo><mdDateSt Sync="TRUE">20110725</mdDateSt></metadata>
