<?xml version="1.0" encoding="UTF-8"?>
<metadata xml:lang="es"><Esri><CreaDate>20191111</CreaDate><CreaTime>12115400</CreaTime><ArcGISFormat>1.0</ArcGISFormat><SyncOnce>FALSE</SyncOnce><DataProperties><itemProps><itemName Sync="TRUE">mexseq_202003_15_d1</itemName><imsContentType Sync="TRUE">002</imsContentType><itemSize Sync="TRUE">0,000</itemSize><itemLocation><linkage Sync="TRUE">file://\\ce0408s111\Climatologia\15_MONITOR_DE_SEQUIA\MONITOR_DE_SEQUIA\MEX_SEQ\2020\mexseq_202003_15\mexseq_202003_15_d1.shp</linkage><protocol Sync="TRUE">Local Area Network</protocol></itemLocation></itemProps><coordRef><type Sync="TRUE">Projected</type><geogcsn Sync="TRUE">GCS_ITRF_2008</geogcsn><csUnits Sync="TRUE">Linear Unit: Meter (1.000000)</csUnits><projcsn Sync="TRUE">MEXICO_ITRF_2008_LCC</projcsn><peXml Sync="TRUE">&lt;ProjectedCoordinateSystem xsi:type='typens:ProjectedCoordinateSystem' xmlns:xsi='http://www.w3.org/2001/XMLSchema-instance' xmlns:xs='http://www.w3.org/2001/XMLSchema' xmlns:typens='http://www.esri.com/schemas/ArcGIS/10.0'&gt;&lt;WKT&gt;PROJCS[&amp;quot;MEXICO_ITRF_2008_LCC&amp;quot;,GEOGCS[&amp;quot;GCS_ITRF_2008&amp;quot;,DATUM[&amp;quot;D_ITRF_2008&amp;quot;,SPHEROID[&amp;quot;GRS_1980&amp;quot;,6378137.0,298.257222101]],PRIMEM[&amp;quot;Greenwich&amp;quot;,0.0],UNIT[&amp;quot;Degree&amp;quot;,0.0174532925199433]],PROJECTION[&amp;quot;Lambert_Conformal_Conic&amp;quot;],PARAMETER[&amp;quot;False_Easting&amp;quot;,2500000.0],PARAMETER[&amp;quot;False_Northing&amp;quot;,0.0],PARAMETER[&amp;quot;Central_Meridian&amp;quot;,-102.0],PARAMETER[&amp;quot;Standard_Parallel_1&amp;quot;,17.5],PARAMETER[&amp;quot;Standard_Parallel_2&amp;quot;,29.5],PARAMETER[&amp;quot;Latitude_Of_Origin&amp;quot;,12.0],UNIT[&amp;quot;Meter&amp;quot;,1.0]]&lt;/WKT&gt;&lt;XOrigin&gt;-37031600&lt;/XOrigin&gt;&lt;YOrigin&gt;-25743800&lt;/YOrigin&gt;&lt;XYScale&gt;113924041.20679393&lt;/XYScale&gt;&lt;ZOrigin&gt;-100000&lt;/ZOrigin&gt;&lt;ZScale&gt;10000&lt;/ZScale&gt;&lt;MOrigin&gt;-100000&lt;/MOrigin&gt;&lt;MScale&gt;10000&lt;/MScale&gt;&lt;XYTolerance&gt;0.001&lt;/XYTolerance&gt;&lt;ZTolerance&gt;0.001&lt;/ZTolerance&gt;&lt;MTolerance&gt;0.001&lt;/MTolerance&gt;&lt;HighPrecision&gt;true&lt;/HighPrecision&gt;&lt;/ProjectedCoordinateSystem&gt;</peXml></coordRef><lineage><Process ToolSource="c:\program files (x86)\arcgis\desktop10.7\ArcToolbox\Toolboxes\Data Management Tools.tbx\Merge" Date="20190522" Time="093821">Merge 01ent;02ent;03ent;04ent;05ent;06ent;07ent;08ent;09ent;10ent;11ent;12ent;13ent;14ent;15ent;16ent;17ent;18ent;19ent;20ent;21ent;22ent;23ent;24ent;25ent;26ent;27ent;28ent;29ent;30ent;31ent;32ent F:\DGMA\MG_dic_2018\01_32_ent.shp "CVEGEO "CVEGEO" true true false 2 Text 0 0 ,First,#,01ent,CVEGEO,-1,-1,02ent,CVEGEO,-1,-1,03ent,CVEGEO,-1,-1,04ent,CVEGEO,-1,-1,05ent,CVEGEO,-1,-1,06ent,CVEGEO,-1,-1,07ent,CVEGEO,-1,-1,08ent,CVEGEO,-1,-1,09ent,CVEGEO,-1,-1,10ent,CVEGEO,-1,-1,11ent,CVEGEO,-1,-1,12ent,CVEGEO,-1,-1,13ent,CVEGEO,-1,-1,14ent,CVEGEO,-1,-1,15ent,CVEGEO,-1,-1,16ent,CVEGEO,-1,-1,17ent,CVEGEO,-1,-1,18ent,CVEGEO,-1,-1,19ent,CVEGEO,-1,-1,20ent,CVEGEO,-1,-1,21ent,CVEGEO,-1,-1,22ent,CVEGEO,-1,-1,23ent,CVEGEO,-1,-1,24ent,CVEGEO,-1,-1,25ent,CVEGEO,-1,-1,26ent,CVEGEO,-1,-1,27ent,CVEGEO,-1,-1,28ent,CVEGEO,-1,-1,29ent,CVEGEO,-1,-1,30ent,CVEGEO,-1,-1,31ent,CVEGEO,-1,-1,32ent,CVEGEO,-1,-1;CVE_ENT "CVE_ENT" true true false 2 Text 0 0 ,First,#,01ent,CVE_ENT,-1,-1,02ent,CVE_ENT,-1,-1,03ent,CVE_ENT,-1,-1,04ent,CVE_ENT,-1,-1,05ent,CVE_ENT,-1,-1,06ent,CVE_ENT,-1,-1,07ent,CVE_ENT,-1,-1,08ent,CVE_ENT,-1,-1,09ent,CVE_ENT,-1,-1,10ent,CVE_ENT,-1,-1,11ent,CVE_ENT,-1,-1,12ent,CVE_ENT,-1,-1,13ent,CVE_ENT,-1,-1,14ent,CVE_ENT,-1,-1,15ent,CVE_ENT,-1,-1,16ent,CVE_ENT,-1,-1,17ent,CVE_ENT,-1,-1,18ent,CVE_ENT,-1,-1,19ent,CVE_ENT,-1,-1,20ent,CVE_ENT,-1,-1,21ent,CVE_ENT,-1,-1,22ent,CVE_ENT,-1,-1,23ent,CVE_ENT,-1,-1,24ent,CVE_ENT,-1,-1,25ent,CVE_ENT,-1,-1,26ent,CVE_ENT,-1,-1,27ent,CVE_ENT,-1,-1,28ent,CVE_ENT,-1,-1,29ent,CVE_ENT,-1,-1,30ent,CVE_ENT,-1,-1,31ent,CVE_ENT,-1,-1,32ent,CVE_ENT,-1,-1;NOMGEO "NOMGEO" true true false 80 Text 0 0 ,First,#,01ent,NOMGEO,-1,-1,02ent,NOMGEO,-1,-1,03ent,NOMGEO,-1,-1,04ent,NOMGEO,-1,-1,05ent,NOMGEO,-1,-1,06ent,NOMGEO,-1,-1,07ent,NOMGEO,-1,-1,08ent,NOMGEO,-1,-1,09ent,NOMGEO,-1,-1,10ent,NOMGEO,-1,-1,11ent,NOMGEO,-1,-1,12ent,NOMGEO,-1,-1,13ent,NOMGEO,-1,-1,14ent,NOMGEO,-1,-1,15ent,NOMGEO,-1,-1,16ent,NOMGEO,-1,-1,17ent,NOMGEO,-1,-1,18ent,NOMGEO,-1,-1,19ent,NOMGEO,-1,-1,20ent,NOMGEO,-1,-1,21ent,NOMGEO,-1,-1,22ent,NOMGEO,-1,-1,23ent,NOMGEO,-1,-1,24ent,NOMGEO,-1,-1,25ent,NOMGEO,-1,-1,26ent,NOMGEO,-1,-1,27ent,NOMGEO,-1,-1,28ent,NOMGEO,-1,-1,29ent,NOMGEO,-1,-1,30ent,NOMGEO,-1,-1,31ent,NOMGEO,-1,-1,32ent,NOMGEO,-1,-1"</Process><Process ToolSource="C:\Program Files (x86)\ArcGIS\Desktop10.0\ArcToolbox\Toolboxes\Analysis Tools.tbx\Clip" Date="20200320" Time="164816">Clip Entidades_cortes mexseq_202003_15_d1 Z:\15_MONITOR_DE_SEQUIA\MONITOR_DE_SEQUIA\MEX_SEQ\2020\mexseq_202003_15\mexseq_202003_15_d1.shp #</Process><Process ToolSource="C:\Program Files (x86)\ArcGIS\Desktop10.0\ArcToolbox\Toolboxes\Data Management Tools.tbx\DeleteField" Date="20200320" Time="173154">DeleteField mexseq_202003_15_d1 area;ARE</Process><Process ToolSource="C:\Program Files (x86)\ArcGIS\Desktop10.0\ArcToolbox\Toolboxes\Data Management Tools.tbx\CalculateField" Date="20200320" Time="173301">CalculateField mexseq_202003_15_d1 tipo "d1" VB #</Process><Process ToolSource="C:\Program Files (x86)\ArcGIS\Desktop10.0\ArcToolbox\Toolboxes\Data Management Tools.tbx\DeleteField" Date="20200320" Time="173314">DeleteField mexseq_202003_15_d1 CVEGEO;CVE_ENT;NOMGEO</Process></lineage></DataProperties><SyncDate>20200320</SyncDate><SyncTime>16481000</SyncTime><ModDate>20200320</ModDate><ModTime>16481000</ModTime><ArcGISstyle>FGDC CSDGM Metadata</ArcGISstyle></Esri><dataIdInfo><envirDesc Sync="TRUE">Microsoft Windows Server 2008 R2 Version 6.1 (Build 7601) Service Pack 1; ESRI ArcGIS 10.0.0.2414</envirDesc><dataLang><languageCode value="spa" Sync="TRUE" country="ESP"></languageCode><countryCode value="MEX" Sync="TRUE"></countryCode></dataLang><idCitation><resTitle Sync="TRUE">mexseq_202003_15_d1</resTitle><presForm><PresFormCd value="005" Sync="TRUE"></PresFormCd></presForm></idCitation><spatRpType><SpatRepTypCd value="001" Sync="TRUE"></SpatRepTypCd></spatRpType><descKeys><thesaName uuidref="723f6998-058e-11dc-8314-0800200c9a66"></thesaName><keyword Sync="TRUE">002</keyword></descKeys></dataIdInfo><mdLang><languageCode value="spa" Sync="TRUE"></languageCode><countryCode value="MEX" Sync="TRUE"></countryCode></mdLang><mdChar><CharSetCd value="004" Sync="TRUE"></CharSetCd></mdChar><distInfo><distFormat><formatName Sync="TRUE">Shapefile</formatName></distFormat><distTranOps><transSize Sync="TRUE">0,000</transSize></distTranOps></distInfo><mdHrLv><ScopeCd value="005" Sync="TRUE"></ScopeCd></mdHrLv><mdHrLvName Sync="TRUE">dataset</mdHrLvName><refSysInfo><RefSystem><refSysID><identCode code="0" Sync="TRUE"></identCode></refSysID></RefSystem></refSysInfo><spatRepInfo><VectSpatRep><geometObjs Name="01_32_ent"><geoObjTyp><GeoObjTypCd value="002" Sync="TRUE"></GeoObjTypCd><geoObjCnt Sync="TRUE">0</geoObjCnt></geoObjTyp><geoObjCnt Sync="TRUE">0</geoObjCnt></geometObjs><topLvl><TopoLevCd value="001" Sync="TRUE"></TopoLevCd></topLvl></VectSpatRep></spatRepInfo><spdoinfo><ptvctinf><esriterm Name="mexseq_202003_15_d1"><efeatyp Sync="TRUE">Simple</efeatyp><efeageom Sync="TRUE">4</efeageom><esritopo Sync="TRUE">FALSE</esritopo><efeacnt Sync="TRUE">0</efeacnt><spindex Sync="TRUE">FALSE</spindex><linrefer Sync="TRUE">FALSE</linrefer></esriterm></ptvctinf></spdoinfo><eainfo><detailed Name="mexseq_202003_15_d1"><enttyp><enttypl Sync="TRUE">mexseq_202003_15_d1</enttypl><enttypt Sync="TRUE">Feature Class</enttypt><enttypc Sync="TRUE">0</enttypc></enttyp><attr><attrlabl Sync="TRUE">FID</attrlabl><attalias Sync="TRUE">FID</attalias><attrtype Sync="TRUE">OID</attrtype><attwidth Sync="TRUE">4</attwidth><atprecis Sync="TRUE">0</atprecis><attscale Sync="TRUE">0</attscale><attrdef Sync="TRUE">Internal feature number.</attrdef><attrdefs Sync="TRUE">Esri</attrdefs><attrdomv><udom Sync="TRUE">Sequential unique whole numbers that are automatically generated.</udom></attrdomv></attr><attr><attrlabl Sync="TRUE">Shape</attrlabl><attalias Sync="TRUE">Shape</attalias><attrtype Sync="TRUE">Geometry</attrtype><attwidth Sync="TRUE">0</attwidth><atprecis Sync="TRUE">0</atprecis><attscale Sync="TRUE">0</attscale><attrdef Sync="TRUE">Feature geometry.</attrdef><attrdefs Sync="TRUE">Esri</attrdefs><attrdomv><udom Sync="TRUE">Coordinates defining the features.</udom></attrdomv></attr><attr><attrlabl Sync="TRUE">CVEGEO</attrlabl><attalias Sync="TRUE">CVEGEO</attalias><attrtype Sync="TRUE">String</attrtype><attwidth Sync="TRUE">2</attwidth><atprecis Sync="TRUE">0</atprecis><attscale Sync="TRUE">0</attscale></attr><attr><attrlabl Sync="TRUE">CVE_ENT</attrlabl><attalias Sync="TRUE">CVE_ENT</attalias><attrtype Sync="TRUE">String</attrtype><attwidth Sync="TRUE">2</attwidth><atprecis Sync="TRUE">0</atprecis><attscale Sync="TRUE">0</attscale></attr><attr><attrlabl Sync="TRUE">NOMGEO</attrlabl><attalias Sync="TRUE">NOMGEO</attalias><attrtype Sync="TRUE">String</attrtype><attwidth Sync="TRUE">80</attwidth><atprecis Sync="TRUE">0</atprecis><attscale Sync="TRUE">0</attscale></attr><attr><attrlabl Sync="TRUE">area</attrlabl><attalias Sync="TRUE">area</attalias><attrtype Sync="TRUE">Double</attrtype><attwidth Sync="TRUE">19</attwidth><atprecis Sync="TRUE">0</atprecis><attscale Sync="TRUE">0</attscale></attr></detailed></eainfo><mdDateSt Sync="TRUE">20200320</mdDateSt></metadata>
