<metadata xml:lang="es"><Esri><CreaDate>20210705</CreaDate><CreaTime>14133800</CreaTime><ArcGISFormat>1.0</ArcGISFormat><SyncOnce>FALSE</SyncOnce><DataProperties><lineage><Process ToolSource="c:\program files (x86)\arcgis\desktop10.3\ArcToolbox\Toolboxes\Data Management Tools.tbx\CalculateField" Date="20200722" Time="121404">CalculateField RH_Caracteristicas_2019 impor_expo 0 VB #</Process><Process ToolSource="c:\program files (x86)\arcgis\desktop10.3\ArcToolbox\Toolboxes\Data Management Tools.tbx\CalculateField" Date="20210705" Time="140623">CalculateField RH_Caract_2020_OK exten_km2 0 VB #</Process><Process ToolSource="c:\program files (x86)\arcgis\desktop10.3\ArcToolbox\Toolboxes\Data Management Tools.tbx\CalculateField" Date="20210705" Time="140629">CalculateField RH_Caract_2020_OK precn81_10 0 VB #</Process><Process ToolSource="c:\program files (x86)\arcgis\desktop10.3\ArcToolbox\Toolboxes\Data Management Tools.tbx\CalculateField" Date="20210705" Time="140636">CalculateField RH_Caract_2020_OK enms_inter 0 VB #</Process><Process ToolSource="c:\program files (x86)\arcgis\desktop10.3\ArcToolbox\Toolboxes\Data Management Tools.tbx\CalculateField" Date="20210705" Time="140643">CalculateField RH_Caract_2020_OK impor_expo 0 VB #</Process><Process ToolSource="c:\program files (x86)\arcgis\desktop10.3\ArcToolbox\Toolboxes\Data Management Tools.tbx\CalculateField" Date="20210705" Time="140649">CalculateField RH_Caract_2020_OK enms_total 0 VB #</Process><Process ToolSource="c:\program files (x86)\arcgis\desktop10.3\ArcToolbox\Toolboxes\Data Management Tools.tbx\CalculateField" Date="20210705" Time="140654">CalculateField RH_Caract_2020_OK num_cuen 0 VB #</Process><Process ToolSource="c:\program files (x86)\arcgis\desktop10.3\ArcToolbox\Toolboxes\Data Management Tools.tbx\CalculateField" Date="20210705" Time="140702">CalculateField RH_Caract_2020_OK año 2020 VB #</Process></lineage><itemProps><itemName Sync="TRUE">Regiones_Hidrologicas_2020</itemName><imsContentType Sync="TRUE">002</imsContentType><itemLocation><linkage Sync="TRUE">file://\\ENDUSER\Users\END USER\Desktop\SINA 2021\2. CARGA MAYO 2021\Archivos Descarga Mayo\Regiones Hidrologicas Anexo C\Regiones_Hidrologicas_2020.shp</linkage><protocol Sync="TRUE">Local Area Network</protocol></itemLocation><itemSize Sync="TRUE">0.000</itemSize></itemProps><coordRef><type Sync="TRUE">Projected</type><geogcsn Sync="TRUE">D_ITRF_1992</geogcsn><csUnits Sync="TRUE">Linear Unit: Meter (1.000000)</csUnits><projcsn Sync="TRUE">CCL_ITRF_1992</projcsn><peXml Sync="TRUE">&lt;ProjectedCoordinateSystem xsi:type='typens:ProjectedCoordinateSystem' xmlns:xsi='http://www.w3.org/2001/XMLSchema-instance' xmlns:xs='http://www.w3.org/2001/XMLSchema' xmlns:typens='http://www.esri.com/schemas/ArcGIS/10.3'&gt;&lt;WKT&gt;PROJCS[&amp;quot;CCL_ITRF_1992&amp;quot;,GEOGCS[&amp;quot;D_ITRF_1992&amp;quot;,DATUM[&amp;quot;D_ITRF_1992&amp;quot;,SPHEROID[&amp;quot;GRS_1980&amp;quot;,6378137.0,298.257222101]],PRIMEM[&amp;quot;Greenwich&amp;quot;,0.0],UNIT[&amp;quot;Degree&amp;quot;,0.0174532925199433]],PROJECTION[&amp;quot;Lambert_Conformal_Conic&amp;quot;],PARAMETER[&amp;quot;False_Easting&amp;quot;,2500000.0],PARAMETER[&amp;quot;False_Northing&amp;quot;,0.0],PARAMETER[&amp;quot;Central_Meridian&amp;quot;,-102.0],PARAMETER[&amp;quot;Standard_Parallel_1&amp;quot;,17.5],PARAMETER[&amp;quot;Standard_Parallel_2&amp;quot;,29.5],PARAMETER[&amp;quot;Latitude_Of_Origin&amp;quot;,12.0],UNIT[&amp;quot;Meter&amp;quot;,1.0]]&lt;/WKT&gt;&lt;XOrigin&gt;-37031600&lt;/XOrigin&gt;&lt;YOrigin&gt;-25743800&lt;/YOrigin&gt;&lt;XYScale&gt;113924041.20679393&lt;/XYScale&gt;&lt;ZOrigin&gt;-100000&lt;/ZOrigin&gt;&lt;ZScale&gt;10000&lt;/ZScale&gt;&lt;MOrigin&gt;-100000&lt;/MOrigin&gt;&lt;MScale&gt;10000&lt;/MScale&gt;&lt;XYTolerance&gt;0.001&lt;/XYTolerance&gt;&lt;ZTolerance&gt;0.001&lt;/ZTolerance&gt;&lt;MTolerance&gt;0.001&lt;/MTolerance&gt;&lt;HighPrecision&gt;true&lt;/HighPrecision&gt;&lt;/ProjectedCoordinateSystem&gt;</peXml></coordRef></DataProperties><SyncDate>20210705</SyncDate><SyncTime>17364000</SyncTime><ModDate>20210705</ModDate><ModTime>17364000</ModTime></Esri><dataIdInfo><envirDesc Sync="TRUE"> Version 6.2 (Build 9200) ; Esri ArcGIS 10.3.0.4284</envirDesc><dataLang><languageCode value="spa" Sync="TRUE"/><countryCode value="ESP" Sync="TRUE"/></dataLang><idCitation><resTitle Sync="TRUE">Regiones_Hidrologicas_2020</resTitle><presForm><PresFormCd value="005" Sync="TRUE"/></presForm></idCitation><spatRpType><SpatRepTypCd value="001" Sync="TRUE"/></spatRpType></dataIdInfo><mdLang><languageCode value="spa" Sync="TRUE"/><countryCode value="ESP" Sync="TRUE"/></mdLang><distInfo><distFormat><formatName Sync="TRUE">Shapefile</formatName></distFormat><distTranOps><transSize Sync="TRUE">0.000</transSize></distTranOps></distInfo><mdHrLv><ScopeCd value="005" Sync="TRUE"/></mdHrLv><mdHrLvName Sync="TRUE">dataset</mdHrLvName><refSysInfo><RefSystem><refSysID><identCode code="0" Sync="TRUE"/></refSysID></RefSystem></refSysInfo><spatRepInfo><VectSpatRep><geometObjs Name="Regiones_Hidrologicas_2020"><geoObjTyp><GeoObjTypCd value="002" Sync="TRUE"></GeoObjTypCd></geoObjTyp><geoObjCnt Sync="TRUE">0</geoObjCnt></geometObjs><topLvl><TopoLevCd value="001" Sync="TRUE"></TopoLevCd></topLvl></VectSpatRep></spatRepInfo><spdoinfo><ptvctinf><esriterm Name="Regiones_Hidrologicas_2020"><efeatyp Sync="TRUE">Simple</efeatyp><efeageom code="4" Sync="TRUE"></efeageom><esritopo Sync="TRUE">FALSE</esritopo><efeacnt Sync="TRUE">0</efeacnt><spindex Sync="TRUE">FALSE</spindex><linrefer Sync="TRUE">FALSE</linrefer></esriterm></ptvctinf></spdoinfo><eainfo><detailed Name="Regiones_Hidrologicas_2020"><enttyp><enttypl>RH_Caract_2020</enttypl><enttypt Sync="TRUE">Feature Class</enttypt><enttypc Sync="TRUE">0</enttypc></enttyp><attr><attrlabl Sync="TRUE">FID</attrlabl><attalias Sync="TRUE">FID</attalias><attrtype Sync="TRUE">OID</attrtype><attwidth Sync="TRUE">4</attwidth><atprecis Sync="TRUE">0</atprecis><attscale Sync="TRUE">0</attscale><attrdef Sync="TRUE">Internal feature number.</attrdef><attrdefs Sync="TRUE">Esri</attrdefs><attrdomv><udom Sync="TRUE">Sequential unique whole numbers that are automatically generated.</udom></attrdomv></attr><attr><attrlabl Sync="TRUE">Shape</attrlabl><attalias Sync="TRUE">Shape</attalias><attrtype Sync="TRUE">Geometry</attrtype><attwidth Sync="TRUE">0</attwidth><atprecis Sync="TRUE">0</atprecis><attscale Sync="TRUE">0</attscale><attrdef Sync="TRUE">Feature geometry.</attrdef><attrdefs>ESRI</attrdefs><attrdomv><udom Sync="TRUE">Coordinates defining the features.</udom></attrdomv></attr><attr><attrlabl Sync="TRUE">id_rh</attrlabl><attalias Sync="TRUE">id_rh</attalias><attrtype Sync="TRUE">Integer</attrtype><attwidth Sync="TRUE">10</attwidth><atprecis Sync="TRUE">10</atprecis><attscale Sync="TRUE">0</attscale><attrdef>Identificador de la Región hidrológica</attrdef></attr><attr><attrlabl Sync="TRUE">nom_rh</attrlabl><attalias Sync="TRUE">nom_rh</attalias><attrtype Sync="TRUE">String</attrtype><attwidth Sync="TRUE">30</attwidth><atprecis Sync="TRUE">0</atprecis><attscale Sync="TRUE">0</attscale><attrdef>Nombre de la Región hidrológica</attrdef></attr><attr><attrlabl Sync="TRUE">exten_km2</attrlabl><attalias Sync="TRUE">exten_km2</attalias><attrtype Sync="TRUE">Double</attrtype><attwidth Sync="TRUE">19</attwidth><atprecis Sync="TRUE">18</atprecis><attscale Sync="TRUE">8</attscale><attrdef>Extensión territorial continental (km²)</attrdef></attr><attr><attrlabl Sync="TRUE">precn81_10</attrlabl><attalias Sync="TRUE">precn81_10</attalias><attrtype Sync="TRUE">Integer</attrtype><attwidth Sync="TRUE">10</attwidth><atprecis Sync="TRUE">10</atprecis><attscale Sync="TRUE">0</attscale><attrdef>Precipitación normal anual 1981-2010 (mm)</attrdef></attr><attr><attrlabl Sync="TRUE">enms_inter</attrlabl><attalias Sync="TRUE">enms_inter</attalias><attrtype Sync="TRUE">Integer</attrtype><attwidth Sync="TRUE">10</attwidth><atprecis Sync="TRUE">10</atprecis><attscale Sync="TRUE">0</attscale><attrdef>Escurrimiento natural medio superficial interno (hm³/año)</attrdef></attr><attr><attrlabl Sync="TRUE">impor_expo</attrlabl><attalias Sync="TRUE">impor_expo</attalias><attrtype Sync="TRUE">Integer</attrtype><attwidth Sync="TRUE">10</attwidth><atprecis Sync="TRUE">10</atprecis><attscale Sync="TRUE">0</attscale><attrdef>Importaciones (+) o exportaciones de otros países (hm³/año)</attrdef></attr><attr><attrlabl Sync="TRUE">enms_total</attrlabl><attalias Sync="TRUE">enms_total</attalias><attrtype Sync="TRUE">Integer</attrtype><attwidth Sync="TRUE">10</attwidth><atprecis Sync="TRUE">10</atprecis><attscale Sync="TRUE">0</attscale><attrdef>Escurrimiento natural medio superficial total (hm³/año)</attrdef></attr><attr><attrlabl Sync="TRUE">num_cuen</attrlabl><attalias Sync="TRUE">num_cuen</attalias><attrtype Sync="TRUE">Integer</attrtype><attwidth Sync="TRUE">10</attwidth><atprecis Sync="TRUE">10</atprecis><attscale Sync="TRUE">0</attscale><attrdef>Número de cuencas hidrológicas</attrdef></attr><attr><attrlabl Sync="TRUE">año</attrlabl><attalias Sync="TRUE">año</attalias><attrtype Sync="TRUE">Integer</attrtype><attwidth Sync="TRUE">10</attwidth><atprecis Sync="TRUE">10</atprecis><attscale Sync="TRUE">0</attscale><attrdef>Año</attrdef></attr><attr><attrlabl Sync="TRUE">Shape_area</attrlabl><attalias Sync="TRUE">Shape_area</attalias><attrtype Sync="TRUE">Double</attrtype><attwidth Sync="TRUE">19</attwidth><atprecis Sync="TRUE">0</atprecis><attscale Sync="TRUE">0</attscale><attrdef Sync="TRUE">Area of feature in internal units squared.</attrdef><attrdefs Sync="TRUE">Esri</attrdefs><attrdomv><udom Sync="TRUE">Positive real numbers that are automatically generated.</udom></attrdomv></attr><attr><attrlabl Sync="TRUE">Shape_len</attrlabl><attalias Sync="TRUE">Shape_len</attalias><attrtype Sync="TRUE">Double</attrtype><attwidth Sync="TRUE">19</attwidth><atprecis Sync="TRUE">0</atprecis><attscale Sync="TRUE">0</attscale></attr></detailed></eainfo><mdDateSt Sync="TRUE">20210705</mdDateSt><idinfo><ptcontac><cntinfo><cntorgp><cntorg>CONAGUA. Subdirección General Técnica</cntorg></cntorgp><cntaddr><addrtype>physical address</addrtype><address>Insurgentes Sur No. 2416, 9º Piso. Col. Copilco el Bajo, Delegación Coyoacán.</address><city>Ciudad de México</city><state>Ciudad de México</state><postal>04340</postal><country>México</country></cntaddr><cntvoice>55 5174 4000</cntvoice></cntinfo></ptcontac><citation><citeinfo><title>RH_Caract_2020</title></citeinfo></citation><descript><abstract>Las cuencas del país se encuentran organizadas en 37 regiones hidrológicas (RH). A su vez, las regiones hidrológicas se agrupan en 13 regiones hidrológico-administrativas (RHA).</abstract><purpose>Proporcionar a la sociedad un mapa con la delimitacion de las 37 regiones hidrológicas del país. Las regiones hidrológicas representan los límites naturales de las grandes cuencas de México y se emplean para el cálculo del agua
renovable.</purpose><langdata>Español</langdata></descript><status><progress>Complete</progress><update>As needed</update></status><spdom><bounding><westbc>117.130037</westbc><eastbc>85.336968</eastbc><northbc>33.208627</northbc><southbc>14.143124</southbc></bounding></spdom><keywords><theme><themekey>Regiones, hidrológicas, RH, cuencas</themekey></theme></keywords><crossref><citeinfo><title>RH_Caract_2020</title></citeinfo></crossref></idinfo><metainfo><metc><cntinfo><cntorgp><cntorg>CONAGUA. Subdirección General de Administración del Agua. Gerencia de Planificación Hídrica. Sistema Nacional de Información del Agua (SINA)</cntorg></cntorgp><cntaddr><addrtype>physical address</addrtype><address>Insurgentes Sur No. 2416. 4to. Piso. Col. Copilco el Bajo, Delegación Coyoacán.</address><city>Ciudad de México</city><state>Ciudad de México</state><postal>04340</postal><country>México</country></cntaddr><cntvoice>55 5174 4000 ext. 2111</cntvoice><cntemail>sina@conagua.gob.mx</cntemail></cntinfo></metc><metd>2021-07-05</metd><langmeta>Español</langmeta><metstdn>FGDC Content Standards for Digital Geospatial Metadata, 1998</metstdn><metstdv>FGDC-STD-001-1998</metstdv></metainfo><spref><horizsys><planar><planci><coordrep><absres>0.000100</absres><ordres>0.000100</ordres></coordrep><plandu>meters</plandu></planci></planar><cordsysn><projcsn>Cónica conforme de Lambert</projcsn></cordsysn><geodetic><horizdn>Sistema Geodésico de Referencia ITRF92 época 1988</horizdn><ellips>Sistema de Referencia Geodésico 80 (GRS80)</ellips><semiaxis>6378137.000000</semiaxis><denflat>298.257222</denflat></geodetic></horizsys></spref><distinfo><distliab>Sin restricciones

La CONAGUA solo se hace responsable de la información presentada en la capa geográfica y no se hace responsable del uso que se le dé a la misma.</distliab><techpreq>La capa puede visualizarse en cualquier sistema de información geográfica.</techpreq></distinfo></metadata>
