<?xml version="1.0"?>
<!--<!DOCTYPE metadata SYSTEM "http://www.esri.com/metadata/esriprof80.dtd">-->
<metadata xml:lang="en"><Esri><CreaDate>20110726</CreaDate><CreaTime>13474400</CreaTime><SyncOnce>FALSE</SyncOnce><DataProperties><lineage><Process Name="Append_3" ToolSource="C:\Program Files\ArcGIS\ArcToolbox\Toolboxes\Data Management Tools.tbx\Append" Date="20080910" Time="134830">Append N:\nais_gis\NADM\DroughtAreas\CANADA\08\08\DM0_Erase.shp;N:\nais_gis\NADM\DroughtAreas\CANADA\08\08\DM1_Erase.shp N:\nais_gis\NADM\DroughtAreas\CANADA\08\08\canus200808.shp TEST # N:\nais_gis\NADM\DroughtAreas\CANADA\08\08\canus200808.shp</Process><Process Name="Append_1" ToolSource="C:\Program Files\ArcGIS\ArcToolbox\Toolboxes\Data Management Tools.tbx\Append" Date="20080910" Time="151805">Append N:\nais_gis\NADM\DroughtAreas\CANADA\08\08\canus200808_newD1.shp N:\nais_gis\NADM\DroughtAreas\CANADA\08\08\canus200808_new.shp TEST # N:\nais_gis\NADM\DroughtAreas\CANADA\08\08\canus200808_new.shp</Process><Process Name="Erase_2" ToolSource="C:\Program Files\ArcGIS\ArcToolbox\Toolboxes\Analysis Tools.tbx\Erase" Date="20080916" Time="125344">Erase N:\nais_gis\NADM\DroughtAreas\CANADA\08\08\canus200808_DA.shp N:\nais_gis\NADM\DroughtAreas\CANADA\08\08\D0_erase.shp N:\nais_gis\NADM\DroughtAreas\CANADA\08\08\canus200808_DA_Erase1.shp #</Process><Process Name="Erase_4" ToolSource="C:\Program Files\ArcGIS\ArcToolbox\Toolboxes\Analysis Tools.tbx\Erase" Date="20080916" Time="130045">Erase N:\nais_gis\NADM\DroughtAreas\CANADA\08\08\D0.shp N:\nais_gis\NADM\DroughtAreas\CANADA\08\08\D1.shp N:\nais_gis\NADM\DroughtAreas\CANADA\08\08\D0_Erase.shp #</Process><Process Name="Append_8" ToolSource="C:\Program Files\ArcGIS\ArcToolbox\Toolboxes\Data Management Tools.tbx\Append" Date="20080916" Time="130258">Append N:\nais_gis\NADM\DroughtAreas\CANADA\08\08\D1_Erase.shp N:\nais_gis\NADM\DroughtAreas\CANADA\08\08\D0_Erase.shp TEST # N:\nais_gis\NADM\DroughtAreas\CANADA\08\08\D0_Erase.shp</Process><Process Name="Append_9" ToolSource="C:\Program Files\ArcGIS\ArcToolbox\Toolboxes\Data Management Tools.tbx\Append" Date="20080916" Time="130346">Append N:\nais_gis\NADM\DroughtAreas\CANADA\08\08\D2_Erase.shp N:\nais_gis\NADM\DroughtAreas\CANADA\08\08\D0_Erase.shp TEST # N:\nais_gis\NADM\DroughtAreas\CANADA\08\08\D0_Erase.shp</Process><Process Name="Append_10" ToolSource="C:\Program Files\ArcGIS\ArcToolbox\Toolboxes\Data Management Tools.tbx\Append" Date="20080916" Time="130417">Append N:\nais_gis\NADM\DroughtAreas\CANADA\08\08\D3_Erase.shp N:\nais_gis\NADM\DroughtAreas\CANADA\08\08\D0_Erase.shp TEST # N:\nais_gis\NADM\DroughtAreas\CANADA\08\08\D0_Erase.shp</Process><Process Name="Append_11" ToolSource="C:\Program Files\ArcGIS\ArcToolbox\Toolboxes\Data Management Tools.tbx\Append" Date="20080916" Time="130444">Append N:\nais_gis\NADM\DroughtAreas\CANADA\08\08\D4.shp N:\nais_gis\NADM\DroughtAreas\CANADA\08\08\D0_Erase.shp TEST # N:\nais_gis\NADM\DroughtAreas\CANADA\08\08\D0_Erase.shp</Process><Process Name="Clip_1" ToolSource="C:\Program Files\ArcGIS\ArcToolbox\Toolboxes\Analysis Tools.tbx\Clip" Date="20080918" Time="150623">Clip "Canadian \canus200808_draft2" "Static Shapefiles\ca_bndy" N:\nais_gis\NADM\DroughtAreas\CANADA\08\08\canus200808_draft2_Clip.shp #</Process><Process Name="Merge_6" ToolSource="C:\Program Files\ArcGIS\ArcToolbox\Toolboxes\Data Management Tools.tbx\Merge" Date="20080918" Time="232235">Merge 'Y:\NADM\NADM\AUG08 NADM Master\can_0808_d1.shp';'Y:\NADM\NADM\AUG08 NADM Master\Drought_Areas_US_D1.shp';'Y:\NADM\NADM\AUG08 NADM Master\mex_0808_d1.shp' "Y:\NADM\NADM\AUG08 NADM Master\merged_d1.shp" "DM DM true false false 9 Long 0 9 ,First,#,Y:\NADM\NADM\AUG08 NADM Master\can_0808_d1.shp,DM,-1,-1;Id Id true false false 6 Long 0 6 ,First,#,Y:\NADM\NADM\AUG08 NADM Master\Drought_Areas_US_D1.shp,Id,-1,-1,Y:\NADM\NADM\AUG08 NADM Master\mex_0808_d1.shp,ID,-1,-1"</Process><Process Name="Dissolve_8" ToolSource="C:\Program Files\ArcGIS\ArcToolbox\Toolboxes\Data Management Tools.tbx\Dissolve" Date="20080918" Time="232832">Dissolve merged_d1 Y:\NADM\NADM\nadm_d1.shp # # MULTI_PART</Process><Process ToolSource="C:\Program Files (x86)\ArcGIS\Desktop10.0\ArcToolbox\Toolboxes\Data Management Tools.tbx\Project" Date="20110726" Time="134744">Project nadm_d1 "C:\CALCULO DE AREAS\NADM AREAS\REPROYECCIÓN\2008\2008_08\RP_200808_D1.shp" PROJCS['NAD_1983_Lambert_Conformal_Conic',GEOGCS['GCS_North_American_1983',DATUM['D_North_American_1983',SPHEROID['GRS_1980',6378137.0,298.257222101]],PRIMEM['Greenwich',0.0],UNIT['Degree',0.0174532925199433]],PROJECTION['Lambert_Conformal_Conic'],PARAMETER['False_Easting',2500000.0],PARAMETER['False_Northing',0.0],PARAMETER['Central_Meridian',-102.0],PARAMETER['Standard_Parallel_1',17.5],PARAMETER['Standard_Parallel_2',29.5],PARAMETER['Latitude_Of_Origin',12.0],UNIT['Meter',1.0]] # PROJCS['USA_Contiguous_Albers_Equal_Area_Conic',GEOGCS['GCS_North_American_1983',DATUM['D_North_American_1983',SPHEROID['GRS_1980',6378137.0,298.257222101]],PRIMEM['Greenwich',0.0],UNIT['Degree',0.0174532925199433]],PROJECTION['Albers'],PARAMETER['False_Easting',0.0],PARAMETER['False_Northing',0.0],PARAMETER['Central_Meridian',-96.0],PARAMETER['Standard_Parallel_1',29.5],PARAMETER['Standard_Parallel_2',45.5],PARAMETER['Latitude_Of_Origin',37.5],UNIT['Meter',1.0]]</Process><Process ToolSource="C:\Program Files (x86)\ArcGIS\Desktop10.0\ArcToolbox\Toolboxes\Analysis Tools.tbx\Clip" Date="20110726" Time="135223">Clip RP_200808_D1 RP_PAIS "C:\CALCULO DE AREAS\NADM AREAS\CLIP\2008\2008_08\C_200808_D1.shp" #</Process></lineage><itemProps><itemName Sync="TRUE">C_200808_D1</itemName><imsContentType Sync="TRUE">002</imsContentType><itemSize Sync="TRUE">0.000</itemSize><itemLocation><linkage Sync="TRUE">file://\\CE0408W432\C$\CALCULO DE AREAS\NADM AREAS\CLIP\2008\2008_08\C_200808_D1.shp</linkage><protocol Sync="TRUE">Local Area Network</protocol></itemLocation></itemProps><coordRef><type Sync="TRUE">Projected</type><geogcsn Sync="TRUE">GCS_North_American_1983</geogcsn><projcsn Sync="TRUE">NAD_1983_Lambert_Conformal_Conic</projcsn><peXml Sync="TRUE">&lt;ProjectedCoordinateSystem xsi:type='typens:ProjectedCoordinateSystem' xmlns:xsi='http://www.w3.org/2001/XMLSchema-instance' xmlns:xs='http://www.w3.org/2001/XMLSchema' xmlns:typens='http://www.esri.com/schemas/ArcGIS/10.0'&gt;&lt;WKT&gt;PROJCS[&amp;quot;NAD_1983_Lambert_Conformal_Conic&amp;quot;,GEOGCS[&amp;quot;GCS_North_American_1983&amp;quot;,DATUM[&amp;quot;D_North_American_1983&amp;quot;,SPHEROID[&amp;quot;GRS_1980&amp;quot;,6378137.0,298.257222101]],PRIMEM[&amp;quot;Greenwich&amp;quot;,0.0],UNIT[&amp;quot;Degree&amp;quot;,0.0174532925199433]],PROJECTION[&amp;quot;Lambert_Conformal_Conic&amp;quot;],PARAMETER[&amp;quot;False_Easting&amp;quot;,2500000.0],PARAMETER[&amp;quot;False_Northing&amp;quot;,0.0],PARAMETER[&amp;quot;Central_Meridian&amp;quot;,-102.0],PARAMETER[&amp;quot;Standard_Parallel_1&amp;quot;,17.5],PARAMETER[&amp;quot;Standard_Parallel_2&amp;quot;,29.5],PARAMETER[&amp;quot;Latitude_Of_Origin&amp;quot;,12.0],UNIT[&amp;quot;Meter&amp;quot;,1.0]]&lt;/WKT&gt;&lt;XOrigin&gt;-37031600&lt;/XOrigin&gt;&lt;YOrigin&gt;-25743800&lt;/YOrigin&gt;&lt;XYScale&gt;113924041.20679393&lt;/XYScale&gt;&lt;ZOrigin&gt;-100000&lt;/ZOrigin&gt;&lt;ZScale&gt;10000&lt;/ZScale&gt;&lt;MOrigin&gt;-100000&lt;/MOrigin&gt;&lt;MScale&gt;10000&lt;/MScale&gt;&lt;XYTolerance&gt;0.001&lt;/XYTolerance&gt;&lt;ZTolerance&gt;0.001&lt;/ZTolerance&gt;&lt;MTolerance&gt;0.001&lt;/MTolerance&gt;&lt;HighPrecision&gt;true&lt;/HighPrecision&gt;&lt;/ProjectedCoordinateSystem&gt;</peXml></coordRef></DataProperties><SyncDate>20110726</SyncDate><SyncTime>13521700</SyncTime><ModDate>20110726</ModDate><ModTime>13521700</ModTime><ArcGISFormat>1.0</ArcGISFormat></Esri><idinfo><descript><abstract>Drought Monitor for September 2, 2008

The weekly U.S. Drought Monitor shapefile depicts areas of the United States that are experiencing drought. These areas are derived based on a variety of inputs, including climate indices, numerical models and the input of regional and local experts around the country. The shapefile is prepared through a partnership consisting of the U.S. Department of Agriculture (Joint Agricultural Weather Facility and National Water and Climate Center), the National Weather Service's Climate Prediction Center, National Climatic Data Center, and the National Drought Mitigation Center at the University of Nebraska Lincoln. 

This week's author(s): J. Lawrimore/L. Love-Brotak,  NOAA/NESDIS/NCDC</abstract><purpose>The Drought Monitor is intended to provide a general and up-to-datesummary of current drought conditions across the 50 states, Puerto Rico, and the Pacific possessions. This national product is designed to provide the 'big picture' so the general public, media, government officials, and others can see what is happening around the country. To keep the map from becoming too complex, the drought categories shown represent typical drought intensities, not every drought intensity, within the area. The map is not designed to depict local conditions or to replace drought warnings and watches issued by local or regional government entities. Local or state entities may be monitoring different indicators than those used in the Drought Monitor to meet specific needs or to address local problems. As a consequence, there could be water shortages or crop failures within an area not designated as drought, just as there could be locations with adequate water supplies in an area designated as D3 or D4 (extreme or exceptional) drought.

This is public information and as such may be interpreted based on the needs of the organization, agency, or others. The National Drought Center and its partners are not responsible for outside interpretation and application of the data.</purpose><langdata Sync="TRUE">en</langdata></descript><citation><citeinfo><origin>National Drought Mitigation Center</origin><pubdate>9/2/2008</pubdate><onlink Sync="TRUE">\\snr1\ndmc\NADM\NADM\nadm_d1.shp</onlink><title Sync="TRUE">nadm_d1</title><ftname Sync="TRUE">nadm_d1</ftname><geoform Sync="TRUE">vector digital data</geoform></citeinfo></citation><keywords><theme><themekey>drought monitoring</themekey><themekt>drought</themekt></theme></keywords><accconst>None</accconst><useconst>None</useconst><status><progress>Completed</progress><update>None</update></status><timeperd><timeinfo><sngdate><caldate>9/2/2008</caldate></sngdate></timeinfo><current>Valid between 8/26/2008 and 9/2/2008</current></timeperd><native Sync="TRUE">Microsoft Windows XP Version 5.1 (Build 2600) Service Pack 3; ESRI ArcCatalog 9.2.2.1350</native><spdom><bounding><westbc Sync="TRUE">REQUIRED: Western-most coordinate of the limit of coverage expressed in longitude.</westbc><eastbc Sync="TRUE">REQUIRED: Eastern-most coordinate of the limit of coverage expressed in longitude.</eastbc><northbc Sync="TRUE">REQUIRED: Northern-most coordinate of the limit of coverage expressed in latitude.</northbc><southbc Sync="TRUE">REQUIRED: Southern-most coordinate of the limit of coverage expressed in latitude.</southbc></bounding></spdom><natvform Sync="TRUE">Shapefile</natvform></idinfo><metainfo><metc><cntinfo><cntorgp><cntper>GIS Specialist</cntper><cntorg>National Drought Mitigation Center</cntorg></cntorgp><cntaddr><addrtype>mailing and physical address</addrtype><city>Lincoln</city><state>Nebraska</state><postal>National Drought Mitigation Center
University of Nebraska–Lincoln
819 Hardin Hall
3310 Holdrege St.
P.O.Box 830988
Lincoln, Nebraska68583–0988</postal></cntaddr><cntvoice>(402) 472–6707</cntvoice></cntinfo></metc><langmeta Sync="TRUE">en</langmeta><metstdn Sync="TRUE">FGDC Content Standards for Digital Geospatial Metadata</metstdn><metstdv Sync="TRUE">FGDC-STD-001-1998</metstdv><mettc Sync="TRUE">local time</mettc><metd Sync="TRUE">20080918</metd></metainfo><dataqual><lineage><procstep>Drought Monitor<procdesc>For more information on the Drought Monitor process, please visit http://drought.unl.edu/dm/monitor.html</procdesc><procsv>ArcGIS 9.1</procsv><procdate>9/3/2008</procdate><proctime>16:09</proctime><proccont><cntinfo><cntorgp><cntorg> NOAA/NESDIS/NCDC</cntorg><cntper>J. Lawrimore/L. Love-Brotak</cntper></cntorgp></cntinfo></proccont></procstep><procstep>Erase<procdesc>Erase Drought Monitor layers to produce polygons of D0, D1, D2, and D3 drought (original shapefiles show cumulative severity where D2 represents areas in D0, D1 and D2). This results in multiple shapefiles.</procdesc><procsv>ArcGIS 9.1</procsv><procdate>9/3/2008</procdate><proctime>16:09</proctime><proccont><cntinfo><cntorgp><cntorg>National Drought Mitigation Center</cntorg><cntper>GIS Specialist</cntper></cntorgp><cntvoice>(402) 472–6707</cntvoice><cntfax>(402) 472–2946</cntfax><cntemail>ndmc@drought.unl.edu</cntemail><cntaddr><addrtype>mailing and physical address</addrtype><address>National Drought Mitigation Center
University of Nebraska–Lincoln
819 Hardin Hall
3310 Holdrege St.
P.O.Box 830988</address><city>Lincoln</city><state>Nebraska</state><postal>68583–0988</postal><country>U.S.A.</country></cntaddr></cntinfo></proccont></procstep><procstep>Merge<procdesc>Shapefiles from Process Step 2 (Erase) merged into new shapefile. Polygons identified by DM severity (0-4) in 'DM' field.</procdesc><procsv>ArcGIS 9.1</procsv><procdate>9/3/2008</procdate><proctime>16:09</proctime><proccont><cntinfo><cntorgp><cntorg>National Drought Mitigation Center</cntorg><cntper>GIS Specialist</cntper></cntorgp><cntvoice>(402) 472–6707</cntvoice><cntfax>(402) 472–2946</cntfax><cntemail>ndmc@drought.unl.edu</cntemail><cntaddr><addrtype>mailing and physical address</addrtype><address>National Drought Mitigation Center
University of Nebraska–Lincoln
819 Hardin Hall
3310 Holdrege St.
P.O.Box 830988</address><city>Lincoln</city><state>Nebraska</state><postal>68583–0988</postal><country>U.S.A.</country></cntaddr></cntinfo></proccont></procstep><procstep>Clip<procdesc>Shapefile from Process Step 3 (Merge) clipped to U.S. boundary (based on National Atlas County boundary). Boundary includes the contiguous U.S., Alaska, Hawaii and Puerto Rico.</procdesc><procsv>ArcGIS 9.1</procsv><procdate>9/3/2008</procdate><proctime>16:09</proctime><proccont><cntinfo><cntorgp><cntorg>National Drought Mitigation Center</cntorg><cntper>GIS Specialist</cntper></cntorgp><cntvoice>(402) 472–6707</cntvoice><cntfax>(402) 472–2946</cntfax><cntemail>ndmc@drought.unl.edu</cntemail><cntaddr><addrtype>mailing and physical address</addrtype><address>National Drought Mitigation Center
University of Nebraska–Lincoln
819 Hardin Hall
3310 Holdrege St.
P.O.Box 830988</address><city>Lincoln</city><state>Nebraska</state><postal>68583–0988</postal><country>U.S.A.</country></cntaddr></cntinfo></proccont></procstep><procstep>Project<procdesc>Shapefile from Process Step 4 (Clip) reprojected to USA Contiguous Albers Equal Area Conic projection.</procdesc><procsv>ArcGIS 9.1</procsv><procdate>9/3/2008</procdate><proctime>16:09</proctime><proccont><cntinfo><cntorgp><cntorg>National Drought Mitigation Center</cntorg><cntper>GIS Specialist</cntper></cntorgp><cntvoice>(402) 472–6707</cntvoice><cntfax>(402) 472–2946</cntfax><cntemail>ndmc@drought.unl.edu</cntemail><cntaddr><addrtype>mailing and physical address</addrtype><address>National Drought Mitigation Center
University of Nebraska–Lincoln
819 Hardin Hall
3310 Holdrege St.
P.O.Box 830988</address><city>Lincoln</city><state>Nebraska</state><postal>68583–0988</postal><country>U.S.A.</country></cntaddr></cntinfo></proccont></procstep><procstep>Dissolve<procdesc>Shapefile from Process Step 5 (Project) dissolved based on 'DM' attribute field to produce one polygon per drought severity class.</procdesc><procsv>ArcGIS 9.1</procsv><procdate>9/3/2008</procdate><proctime>16:09</proctime><proccont><cntinfo><cntorgp><cntorg>National Drought Mitigation Center</cntorg><cntper>GIS Specialist</cntper></cntorgp><cntvoice>(402) 472–6707</cntvoice><cntfax>(402) 472–2946</cntfax><cntemail>ndmc@drought.unl.edu</cntemail><cntaddr><addrtype>mailing and physical address</addrtype><address>National Drought Mitigation Center
University of Nebraska–Lincoln
819 Hardin Hall
3310 Holdrege St.
P.O.Box 830988</address><city>Lincoln</city><state>Nebraska</state><postal>68583–0988</postal><country>U.S.A.</country></cntaddr></cntinfo></proccont></procstep><procstep><procdesc/></procstep><procstep><procdesc/></procstep><procstep><procdesc/></procstep><procstep><procdesc/></procstep></lineage></dataqual><distInfo><distributor><distorTran><onLineSrc><linkage Sync="TRUE">file://\\snr1\ndmc\NADM\NADM\nadm_d1.shp</linkage><protocol Sync="TRUE">Local Area Network</protocol><orDesc Sync="TRUE">002</orDesc></onLineSrc><transSize Sync="TRUE">0.000</transSize></distorTran><distorFormat><formatName Sync="TRUE">Shapefile</formatName></distorFormat></distributor><distFormat><formatName Sync="TRUE">Shapefile</formatName></distFormat><distTranOps><transSize Sync="TRUE">0.000</transSize></distTranOps></distInfo><dataIdInfo><envirDesc Sync="TRUE">Microsoft Windows Server 2008 R2 Version 6.1 (Build 7601) Service Pack 1; ESRI ArcGIS 10.0.0.2414</envirDesc><dataLang><languageCode Sync="TRUE" value="spa" country="MEX"></languageCode></dataLang><idCitation><resTitle Sync="TRUE">C_200808_D1</resTitle><presForm><PresFormCd Sync="TRUE" value="005"></PresFormCd></presForm></idCitation><spatRpType><SpatRepTypCd Sync="TRUE" value="001"></SpatRepTypCd></spatRpType><descKeys><thesaName uuidref="723f6998-058e-11dc-8314-0800200c9a66"></thesaName><keyword Sync="TRUE">002</keyword></descKeys></dataIdInfo><mdLang><languageCode Sync="TRUE" value="spa"></languageCode></mdLang><mdStanName Sync="TRUE">ISO 19115 Geographic Information - Metadata</mdStanName><mdStanVer Sync="TRUE">DIS_ESRI1.0</mdStanVer><mdChar><CharSetCd Sync="TRUE" value="004"></CharSetCd></mdChar><mdHrLv><ScopeCd Sync="TRUE" value="005"></ScopeCd></mdHrLv><mdHrLvName Sync="TRUE">dataset</mdHrLvName><distinfo><resdesc Sync="TRUE">Downloadable Data</resdesc><stdorder><digform><digtinfo><transize Sync="TRUE">0.000</transize><dssize Sync="TRUE">0.000</dssize></digtinfo></digform></stdorder></distinfo><spdoinfo><direct Sync="TRUE">Vector</direct><ptvctinf><esriterm Name="C_200808_D1"><efeatyp Sync="TRUE">Simple</efeatyp><efeageom Sync="TRUE">4</efeageom><esritopo Sync="TRUE">FALSE</esritopo><efeacnt Sync="TRUE">0</efeacnt><spindex Sync="TRUE">FALSE</spindex><linrefer Sync="TRUE">FALSE</linrefer></esriterm></ptvctinf></spdoinfo><spref><horizsys><cordsysn><geogcsn Sync="TRUE">GCS_North_American_1983</geogcsn><projcsn Sync="TRUE">USA_Contiguous_Albers_Equal_Area_Conic</projcsn></cordsysn><planar><planci><plance Sync="TRUE">coordinate pair</plance><plandu Sync="TRUE">meters</plandu><coordrep><absres Sync="TRUE">0.000000</absres><ordres Sync="TRUE">0.000000</ordres></coordrep></planci></planar><geodetic><horizdn Sync="TRUE">North American Datum of 1983</horizdn><ellips Sync="TRUE">Geodetic Reference System 80</ellips><semiaxis Sync="TRUE">6378137.000000</semiaxis><denflat Sync="TRUE">298.257222</denflat></geodetic></horizsys></spref><refSysInfo><RefSystem><refSysID><identCode Sync="TRUE" code="0">USA_Contiguous_Albers_Equal_Area_Conic</identCode></refSysID></RefSystem></refSysInfo><spatRepInfo><VectSpatRep><topLvl><TopoLevCd Sync="TRUE" value="001"></TopoLevCd></topLvl><geometObjs Name="nadm_d1"><geoObjTyp><GeoObjTypCd Sync="TRUE" value="002"></GeoObjTypCd><geoObjCnt Sync="TRUE">0</geoObjCnt></geoObjTyp><geoObjCnt Sync="TRUE">0</geoObjCnt></geometObjs></VectSpatRep></spatRepInfo><eainfo><detailed Name="C_200808_D1"><enttyp><enttypl Sync="TRUE">C_200808_D1</enttypl><enttypt Sync="TRUE">Feature Class</enttypt><enttypc Sync="TRUE">0</enttypc></enttyp><attr><attrlabl Sync="TRUE">FID</attrlabl><attalias Sync="TRUE">FID</attalias><attrtype Sync="TRUE">OID</attrtype><attwidth Sync="TRUE">4</attwidth><atprecis Sync="TRUE">0</atprecis><attscale Sync="TRUE">0</attscale><attrdef Sync="TRUE">Internal feature number.</attrdef><attrdefs Sync="TRUE">ESRI</attrdefs><attrdomv><udom Sync="TRUE">Sequential unique whole numbers that are automatically generated.</udom></attrdomv></attr><attr><attrlabl Sync="TRUE">Shape</attrlabl><attalias Sync="TRUE">Shape</attalias><attrtype Sync="TRUE">Geometry</attrtype><attwidth Sync="TRUE">0</attwidth><atprecis Sync="TRUE">0</atprecis><attscale Sync="TRUE">0</attscale><attrdef Sync="TRUE">Feature geometry.</attrdef><attrdefs Sync="TRUE">ESRI</attrdefs><attrdomv><udom Sync="TRUE">Coordinates defining the features.</udom></attrdomv></attr><attr><attrlabl Sync="TRUE">Id</attrlabl><attalias Sync="TRUE">Id</attalias><attrtype Sync="TRUE">Integer</attrtype><attwidth Sync="TRUE">6</attwidth><atprecis Sync="TRUE">6</atprecis><attscale Sync="TRUE">0</attscale></attr></detailed></eainfo><mdDateSt Sync="TRUE">20110726</mdDateSt></metadata>
